GID_2,exercise_year,exercise_label,phase_class,population,ndvi_mean_6m,rainfall_sum_6m,lst_mean_6m,nightlight_mean_6m,ndvi_mean_3m,rainfall_sum_3m,conflict_events_6m,conflict_fatalities_6m,state,lga
NGA.1.10_1,2025,Sep-Dec,2.0,484449.024078188,0.4827495337328767,1313.1366481736795,26.345616510020022,0.3061653732303508,0.3201017400684932,818.930100181132,0,0,Abia,Ohafia
NGA.1.11_1,2025,Sep-Dec,2.0,434033.33543131896,0.4500990461065368,1266.491054706977,26.203067646576883,1.139609093200748,0.3868573185781627,768.5369986245657,0,0,Abia,Osisioma Ngwa
NGA.1.12_1,2025,Sep-Dec,2.0,163268.493708541,0.5027151805040906,1330.3387282808662,26.85341108947594,0.7063837559578401,0.4783030212422495,812.1689243074705,1,1,Abia,Ugwunagbo
NGA.1.13_1,2025,Sep-Dec,2.0,116327.732100736,0.5150364323163664,1372.240405809755,26.17182620128496,0.5016026639815827,0.4925359284434609,829.2564089482507,0,0,Abia,Ukwa East
NGA.1.14_1,2025,Sep-Dec,2.0,175000.705292114,0.5190364172267696,1371.5208856006373,26.74992074242445,5.093106970589967,0.4915606435083516,850.6156531112211,0,0,Abia,Ukwa West
NGA.1.15_1,2025,Sep-Dec,2.0,323951.373064761,0.5150831135950673,1191.0920970881716,26.34794298319724,0.3141166905326494,0.3963623690684303,735.501018975119,0,0,Abia,Umu Nneochi
NGA.1.16_1,2025,Sep-Dec,2.0,436064.347961944,0.4396240832910822,1252.7236361300547,27.44166250368091,1.1977036591399637,0.2844323998647964,736.3917503077339,0,0,Abia,Umuahia North
NGA.1.17_1,2025,Sep-Dec,2.0,273840.065495815,0.4810453814604571,1263.921497927069,27.29409375117384,0.5500956376352325,0.3419253009183582,739.0189029274361,0,0,Abia,Umuahia South
NGA.1.1_1,2025,Sep-Dec,2.0,212415.747329617,0.2602248364956159,1226.7229788706395,29.748061460612167,3.2911588920675783,0.2477162462268218,716.6028069599585,0,0,Abia,Aba North
NGA.1.2_1,2025,Sep-Dec,2.0,835633.2963602521,0.3681468278621465,1271.9380897681556,28.78289881667626,2.045735225457839,0.3547059518331031,757.636874447993,0,0,Abia,Aba South
NGA.1.3_1,2025,Sep-Dec,2.0,336358.42241184297,0.4884298540840656,1400.7161924495024,26.75896438143328,0.3456103145311013,0.3482426727602291,860.1442193201902,0,0,Abia,Arochukwu
NGA.1.4_1,2025,Sep-Dec,2.0,379646.611084572,0.4832839116376764,1286.0955288700409,26.70860910350597,0.356757149546654,0.3170705569995249,797.0611345041009,0,0,Abia,Bende
NGA.1.5_1,2025,Sep-Dec,2.0,272699.448858616,0.4935666613501283,1265.425928519926,26.062692610077097,0.4615437175582352,0.3730791043677408,740.0919691966947,0,0,Abia,Ikwuano
NGA.1.6_1,2025,Sep-Dec,2.0,303806.97838101,0.4860719922390258,1236.1440738157162,26.56146771909028,0.4277928572138743,0.3660069585467857,730.3722645992327,0,0,Abia,Isiala Ngwa North
NGA.1.7_1,2025,Sep-Dec,2.0,266313.945462331,0.4881846848962992,1242.2373065252327,26.87399591091296,0.4219104945724732,0.3889420775418082,744.712831926493,0,0,Abia,Isiala Ngwa South
NGA.1.8_1,2025,Sep-Dec,2.0,226158.39051683803,0.5020060716541862,1294.3149070651912,26.61093588606544,0.3413393552261075,0.33190266074235,809.4289798165653,0,0,Abia,Isuikwuato
NGA.1.9_1,2025,Sep-Dec,2.0,358556.576966562,0.4617776992742321,1262.395190896442,27.46369751267252,0.9847492037085708,0.4288564409299811,733.6501957224996,0,0,Abia,Obi Ngwa
NGA.12.10_1,2025,Sep-Dec,2.0,133277.0,0.4666377578525031,902.1067026665633,26.31198621999055,0.3306751218230583,0.3654881737410084,523.3861593459196,0,0,Edo,Igueben
NGA.12.11_1,2025,Sep-Dec,2.0,705643.0,0.458352441737615,1069.782317424906,26.77790233543288,9.629573589687922,0.363662858982664,589.1961927919097,0,0,Edo,Ikpoba-Okha
NGA.12.12_1,2025,Sep-Dec,2.0,710261.0,0.4660353725021882,1113.2934695577164,27.23150018695996,1.9646608754449435,0.3928206090185782,620.6949714217249,0,0,Edo,Oredo
NGA.12.13_1,2025,Sep-Dec,2.0,348941.0,0.5079143792331199,1009.2574166940892,27.15315091074397,1.418512615807919,0.39362008279658,562.3949696418329,0,0,Edo,Orhionmwon
NGA.12.14_1,2025,Sep-Dec,2.0,295788.0,0.5088522071206537,1001.5461958924832,26.58171001290636,0.7998273741156939,0.4091172943561301,576.0754066222636,0,0,Edo,Ovia North-East
NGA.12.15_1,2025,Sep-Dec,2.0,261851.0,0.5098796580645517,1069.6914869622078,25.79663834928744,0.3618443399374474,0.4096399172915659,612.5944473768816,0,0,Edo,Ovia South-West
NGA.12.16_1,2025,Sep-Dec,2.0,293253.0,0.4693323989120611,762.0839777520589,26.12219502285342,0.3379414320962579,0.4322692852853043,463.3216290375878,0,0,Edo,Owan East
NGA.12.17_1,2025,Sep-Dec,2.0,187858.0,0.4829166866529875,823.5138221141852,26.12961313123684,0.3484685750810332,0.4239934592471572,514.2304616700765,0,0,Edo,Owan West
NGA.12.18_1,2025,Sep-Dec,2.0,230895.0,0.4917688456687487,879.2911233138238,26.24043779793816,0.6883917065464965,0.3986244571592585,498.0476972453018,0,0,Edo,Uhunmwonde
NGA.12.1_1,2025,Sep-Dec,2.0,496057.0,0.4926922626011794,809.7268030250888,26.44111500336621,0.3860328437404967,0.4377777233411331,525.2366663992841,0,0,Edo,Akoko-Edo
NGA.12.2_1,2025,Sep-Dec,2.0,645348.0,0.3776404578068943,1004.5016450723832,28.60733131413492,1.8587531798961807,0.3037824496358421,560.257738767752,0,0,Edo,Egor
NGA.12.3_1,2025,Sep-Dec,2.0,199589.0,0.477399546288692,845.2173568694411,25.87654610168016,0.5196730609651924,0.4216392772049355,488.21919345420594,0,0,Edo,Esan Central
NGA.12.4_1,2025,Sep-Dec,2.0,231349.0,0.4626656101957708,828.7107921111434,26.95494221883023,0.5791470986799464,0.4178260257416126,497.8241216067949,0,0,Edo,Esan North-East
NGA.12.5_1,2025,Sep-Dec,2.0,315402.0,0.4652024057105886,870.0757721803266,27.40316181767712,0.3207694732305112,0.3939594389460064,536.1075235089377,0,0,Edo,Esan South-East
NGA.12.6_1,2025,Sep-Dec,2.0,242215.0,0.4585702250561489,858.9564306159066,25.74374435116867,0.4752344356038356,0.364228761832241,488.7950074183549,0,0,Edo,Esan West
NGA.12.7_1,2025,Sep-Dec,2.0,178702.0,0.4656198929611399,736.9335577143726,28.19664422513908,0.3307018866363129,0.4649575814054958,461.2388147164265,0,0,Edo,Etsako Central
NGA.12.8_1,2025,Sep-Dec,2.0,279418.0,0.502335768765667,738.2037234507686,27.190573956099144,0.473437453721977,0.4907125856038564,475.8654355648098,0,0,Edo,Etsako East
NGA.12.9_1,2025,Sep-Dec,2.0,377352.0,0.4666719946853212,739.1750363948379,28.082220844253253,0.550601497803468,0.4390492894418785,441.79770953928175,1,1,Edo,Etsako West
NGA.13.10_1,2025,Sep-Dec,2.0,276711.50199034985,0.50031741635535,808.0983376736234,26.14316069189348,0.5650235294388123,0.4271428333933844,494.9775349524403,0,0,Ekiti,Ikere
NGA.13.11_1,2025,Sep-Dec,3.0,317421.57204717,0.6220375682422347,831.487344086587,26.074966525096936,0.3086881722236375,0.6284256878238496,549.5506020924672,0,0,Ekiti,Ikole
NGA.13.12_1,2025,Sep-Dec,3.0,80948.889760219,0.6077975195923252,772.5374762768699,25.718624702958568,0.3328262160885403,0.5925329221840457,498.3550652433207,0,0,Ekiti,Ilejemeje
NGA.13.13_1,2025,Sep-Dec,2.0,244621.77436686444,0.5290429541575723,809.807332446551,25.73381330979836,0.4880033260244494,0.4660253622449326,512.8784081201402,0,0,Ekiti,Irepodun/Ifelodun
NGA.13.14_1,2025,Sep-Dec,2.0,212250.78665102087,0.4942073515839507,892.0073044152924,24.742491854481944,0.3373031696590703,0.4123157472139546,567.4798761217862,0,0,Ekiti,Ise/Orun
NGA.13.15_1,2025,Sep-Dec,3.0,270844.1556928122,0.5632837543273304,743.9106900441618,25.16105602655443,0.3823062825520771,0.5106244374470594,461.1008871364246,0,0,Ekiti,Moba
NGA.13.16_1,2025,Sep-Dec,3.0,256665.666798572,0.6240395615660582,797.5135534162309,25.72634178590765,0.3447632345907577,0.6357078316691622,512.304135458256,0,0,Ekiti,Oye
NGA.13.1_1,2025,Sep-Dec,2.0,584294.5587538392,0.5103171729509542,824.8748124072706,26.278456084739904,0.873778393421602,0.4704235897866824,518.1147169368047,0,0,Ekiti,Ado-Ekiti
NGA.13.2_1,2025,Sep-Dec,2.0,162398.83226775154,0.5035323951578977,801.6614828116279,24.920450156428725,0.3722987102373893,0.3661926160842507,497.3889757363171,0,0,Ekiti,Efon
NGA.13.3_1,2025,Sep-Dec,2.0,257678.94819090865,0.6013836927822082,913.0066166397348,24.50716693962707,0.3581731100559127,0.5726380921718066,620.6640415210622,0,0,Ekiti,Ekiti East
NGA.13.4_1,2025,Sep-Dec,2.0,307499.2375306674,0.4854905056194014,866.0844831084212,25.0047114667058,0.4036368879150589,0.3600172784443911,527.2504894345956,0,0,Ekiti,Ekiti South-West
NGA.13.5_1,2025,Sep-Dec,2.0,334531.87144056085,0.5087049196857535,828.2726756425792,24.651258853561668,0.3630149969463494,0.393384490260408,504.46880873800256,0,0,Ekiti,Ekiti West
NGA.13.6_1,2025,Sep-Dec,2.0,175580.80361621952,0.5029937937917643,879.0624557238098,24.16788081264903,0.3344659723086522,0.431454133041351,565.8846853320524,0,0,Ekiti,Emure/Ise/Orun
NGA.13.7_1,2025,Sep-Dec,2.0,275670.2808537392,0.5121630117174889,905.2734641203856,24.88864241243057,0.343892712719385,0.4184182935830605,598.7397723036125,0,0,Ekiti,Gboyin
NGA.13.8_1,2025,Sep-Dec,3.0,298025.8015721669,0.5397356430517847,777.199380598793,25.41515483802642,0.3737469869870845,0.4855936703163737,482.1813505514676,0,0,Ekiti,Ido-Osi
NGA.13.9_1,2025,Sep-Dec,2.0,413271.6587535165,0.4909206147337077,796.6146559529224,24.517495329358947,0.3330653094657584,0.3661979003297095,479.0328279332064,0,0,Ekiti,Ijero
NGA.14.10_1,2025,Sep-Dec,2.0,268053.582189,0.4897182650276785,927.382997033402,27.30400653942445,0.3028122197696337,0.4760801641305512,597.5273071965041,2,11,Enugu,Isi-Uzo
NGA.14.11_1,2025,Sep-Dec,2.0,268702.662027,0.5192352095452651,1113.961095388665,27.59094009458747,0.2762847672890931,0.4895431496348195,727.3239140349358,0,0,Enugu,Nkanu East
NGA.14.12_1,2025,Sep-Dec,2.0,264948.05205500004,0.546275770217171,1061.72721914948,27.82269770131747,0.5333467499782022,0.5266556485729744,702.4781990059985,1,1,Enugu,Nkanu West
NGA.14.13_1,2025,Sep-Dec,2.0,544572.520447,0.3637120059611938,848.1630710363673,26.835247164767424,0.4460281487998153,0.2305826179900776,534.8780808669152,0,0,Enugu,Nsukka
NGA.14.14_1,2025,Sep-Dec,2.0,228630.177483,0.4574354148854084,1026.5681124683604,26.386351400031508,0.3728318299006684,0.338261592948651,626.9134286942476,0,0,Enugu,Oji-River
NGA.14.15_1,2025,Sep-Dec,2.0,322328.239552,0.4984056890951274,882.6487063764531,27.096115388927657,0.4320355433676285,0.439398401907708,565.9333925793211,0,0,Enugu,Udenu
NGA.14.16_1,2025,Sep-Dec,2.0,422634.02179,0.3936546321487691,959.2507454692764,26.99504191434383,0.419240289580263,0.2570658883810116,618.1979532479147,0,0,Enugu,Udi
NGA.14.17_1,2025,Sep-Dec,2.0,224826.394796,0.3587796162134766,845.0086664798124,27.862820150134525,0.2252154030422601,0.2496276710068957,524.9214359982522,1,1,Enugu,Uzo-Uwani
NGA.14.1_1,2025,Sep-Dec,2.0,241519.985175,0.4716620571121117,1176.457016094204,27.61272630027486,0.2777845470441526,0.4349398498354875,754.9355215492567,0,0,Enugu,Aninri
NGA.14.2_1,2025,Sep-Dec,2.0,357852.794322,0.5095040674808679,1115.9518155349608,26.38924457719231,0.3515131365391419,0.4203823011968469,724.7703739686065,2,1,Enugu,Awgu
NGA.14.3_1,2025,Sep-Dec,2.0,504065.130557,0.4790451568882943,1026.6426661213236,27.917163101366484,0.6813110305938573,0.4817645779530766,684.4412614321461,0,0,Enugu,Enugu East
NGA.14.4_1,2025,Sep-Dec,2.0,442230.987808,0.4224746497771869,1031.9409046878538,28.08230202661916,2.8832238461054023,0.4302056597812083,692.7409232861567,0,0,Enugu,Enugu North
NGA.14.5_1,2025,Sep-Dec,2.0,358916.017693,0.441411479990441,1020.7085686688628,28.428559334762,1.9651114228528657,0.4759624505965183,680.1217895129512,0,0,Enugu,Enugu South
NGA.14.6_1,2025,Sep-Dec,2.0,306528.499859,0.4029600104594399,927.0604596136438,29.09967718238255,0.2762939667988302,0.2692181920889744,577.513766279954,0,0,Enugu,Ezeagu
NGA.14.7_1,2025,Sep-Dec,2.0,377926.189312,0.390382446780777,951.484098534957,26.72567368247269,0.3331128541333994,0.2753388090662614,624.5250144299516,0,0,Enugu,Igbo-Etiti
NGA.14.8_1,2025,Sep-Dec,2.0,468561.3376,0.391934160713375,807.5044357125371,27.387758400711228,0.3943318129337429,0.2463981337852735,516.441915574046,0,0,Enugu,Igbo-eze North
NGA.14.9_1,2025,Sep-Dec,2.0,266091.044497,0.3542941521606432,790.5071750197773,27.22238632604021,0.3862668731214564,0.2243238421492067,491.6232316364941,0,0,Enugu,Igbo-eze South
NGA.15.1_1,2025,Sep-Dec,2.0,741631.0,0.4138684593659135,675.61407889825,29.6524977679596,0.3163172220452493,0.4768398491248305,504.3046822671455,0,0,Federal Capital Territory,Abaji
NGA.15.2_1,2025,Sep-Dec,2.0,2120972.0,0.2807762509183138,852.5716154389438,31.12188248231429,3.343097077797364,0.2680129775232502,671.4545605519926,2,2,Federal Capital Territory,Abuja
NGA.15.3_1,2025,Sep-Dec,2.0,1009711.0,0.3320097796045804,881.5403081757154,28.69627161530624,1.7615014043743844,0.2887916372680337,676.6231391241718,0,0,Federal Capital Territory,Bwari
NGA.15.4_1,2025,Sep-Dec,2.0,1010726.0,0.3023467510248095,729.4241114239006,30.564343204979664,0.4135770417735911,0.3217067089620805,563.8454122465046,0,0,Federal Capital Territory,Gwagwalada
NGA.15.5_1,2025,Sep-Dec,2.0,884139.0,0.4017022758057335,774.8899004328888,29.17840778106573,0.2983747247849339,0.3946490615307994,591.2930847538266,1,1,Federal Capital Territory,Kuje
NGA.15.6_1,2025,Sep-Dec,2.0,746478.0,0.4038165274275299,673.9006391201988,30.19397810307264,0.3326595807141438,0.4481394108288949,492.5120971674632,0,0,Federal Capital Territory,Kwali
NGA.16.10_1,2025,Sep-Dec,2.0,258836.0,0.328864194915894,667.3488622960979,33.03949380236947,0.3321821947957582,0.4048139191442317,522.1049552521041,0,0,Gombe,Shomgom
NGA.16.11_1,2025,Sep-Dec,2.0,436030.0,0.3034363659830044,635.1909015384089,33.35270554327565,0.3407376703145363,0.4023338207474763,511.1094088723148,0,0,Gombe,Yamaltu/Deba
NGA.16.1_1,2025,Sep-Dec,2.0,577142.0,0.3001512321668469,633.2957726469258,33.30979733053868,0.5814629066871986,0.3914148201932097,497.3245981889049,0,0,Gombe,Akko
NGA.16.2_1,2025,Sep-Dec,2.0,363089.0,0.3493580352822631,603.008134327276,33.98148995692387,0.298449623614578,0.4529159401916791,471.679191721095,0,0,Gombe,Balanga
NGA.16.3_1,2025,Sep-Dec,2.0,345316.0,0.320017809122794,639.1206185855365,32.740261508243925,0.3535798211213832,0.4164751881237271,498.3819816744893,0,0,Gombe,Billiri
NGA.16.4_1,2025,Sep-Dec,2.0,353935.0,0.3205417239190914,658.6050302585453,34.21213639999231,0.3525685701849337,0.412962981588314,573.2404179728402,0,0,Gombe,Dukku
NGA.16.5_1,2025,Sep-Dec,2.0,403299.0,0.3083532212978686,642.8351863269131,34.774161769698544,0.3892306595786559,0.4073412898222817,576.7719382124592,0,0,Gombe,Funakaye
NGA.16.6_1,2025,Sep-Dec,2.0,457815.0,0.3257571962109831,619.8432891287272,33.82306883937019,0.6074272863283329,0.4482996369554331,509.9261218100697,0,0,Gombe,Gombe
NGA.16.7_1,2025,Sep-Dec,2.0,255907.0,0.3603491481815259,617.461785911158,32.76527121327465,0.3074460895662896,0.4613373119316327,472.5268762571987,0,0,Gombe,Kaltungo
NGA.16.8_1,2025,Sep-Dec,2.0,333620.0,0.2984027453845501,671.9619567296382,34.27894751492821,0.3397164178622556,0.3889385304858961,573.3937161391348,0,0,Gombe,Kwami
NGA.16.9_1,2025,Sep-Dec,2.0,236057.0,0.3158094160380278,619.4781488147278,35.072855540728405,0.3319605283057436,0.4099165466814217,568.5949777057998,0,0,Gombe,Nafada
NGA.18.10_1,2025,Sep-Dec,2.0,214352.65581258788,0.35436426975389,448.0382845733465,34.74722502072458,0.3285531606024641,0.4277707241295109,442.0056797061111,0,0,Jigawa,Guri
NGA.18.11_1,2025,Sep-Dec,2.0,513116.7268204795,0.352965274826749,685.0052821702128,34.372657727862894,0.3029346998614793,0.4825119610605811,627.5925467353812,0,0,Jigawa,Gwaram
NGA.18.12_1,2025,Sep-Dec,2.0,243409.3785693241,0.3055271541707918,598.2924869033257,33.92866090412955,0.3886936198153788,0.4052649389899316,579.8526784392084,0,0,Jigawa,Gwiwa
NGA.18.13_1,2025,Sep-Dec,2.0,197191.17830664,0.3764918199790203,661.018547495007,32.52964352636347,1.377551302888745,0.4618681715484547,646.8939768739707,0,0,Jigawa,Hadejia
NGA.18.14_1,2025,Sep-Dec,2.0,434672.8405521127,0.3050602958586165,594.9368697454554,34.828184570950135,0.3326313029850028,0.3881049665281075,579.8920815913345,0,0,Jigawa,Jahun
NGA.18.15_1,2025,Sep-Dec,2.0,505394.4872331484,0.2890193805401537,555.2557762093913,35.07490835285734,0.3370322008362036,0.3650099503689565,543.0719144714162,0,0,Jigawa,Kafin Hausa
NGA.18.16_1,2025,Sep-Dec,2.0,243883.9824225126,0.3079208209472599,535.0847568223105,34.12174522456473,0.3883323052963809,0.3822847808879808,524.2652885775698,0,0,Jigawa,Kaugama
NGA.18.17_1,2025,Sep-Dec,2.0,304731.5999348321,0.3351416134318263,559.8728727990936,33.557792715408304,0.5891621882036212,0.4367508063257554,542.2299945697558,0,0,Jigawa,Kazaure
NGA.18.18_1,2025,Sep-Dec,2.0,364145.9516275635,0.3623512278091159,521.251247587011,34.293254385247806,0.3646510573144064,0.427900143458602,513.0793063155672,0,0,Jigawa,Kiri Kasama
NGA.18.19_1,2025,Sep-Dec,2.0,327026.63592264184,0.3146798746266006,622.0000162384728,34.75741918398288,0.3596617350121341,0.4007705427563126,602.4632525370951,0,0,Jigawa,Kiyawa
NGA.18.1_1,2025,Sep-Dec,2.0,250099.2129620709,0.367955276289485,576.5256455158703,32.88475626058589,0.3771929177872994,0.4427699629067549,563.1723854621932,0,0,Jigawa,Auyo
NGA.18.20_1,2025,Sep-Dec,2.0,334788.5834020732,0.2764001203973956,478.84266998579454,34.90903760865261,0.3459053671581758,0.3382494118082578,470.28012197988687,0,0,Jigawa,Maigatari
NGA.18.21_1,2025,Sep-Dec,2.0,311595.39271201333,0.3018981458793275,568.8660597507896,34.57342153069614,0.4511394937389214,0.382778749848371,558.4588393834714,0,0,Jigawa,Malam Maduri
NGA.18.22_1,2025,Sep-Dec,2.0,241794.59095728223,0.3233580083834088,547.8233591339167,34.61731517938015,0.3368652954672602,0.4005563831696463,535.3264149045326,0,0,Jigawa,Miga
NGA.18.23_1,2025,Sep-Dec,2.0,593931.43617759,0.3244110598908329,611.3761768437568,34.34395296372865,0.3683470974682387,0.4148567951248755,596.6019322672911,0,0,Jigawa,Ringim
NGA.18.24_1,2025,Sep-Dec,2.0,363813.161674731,0.3223293100533019,595.1700544148525,33.535404855329624,0.3436319818956531,0.4364492385814049,573.8858262657395,0,0,Jigawa,Roni
NGA.18.25_1,2025,Sep-Dec,2.0,146378.41709442728,0.2989311887361857,481.1292610046272,35.12637042435728,0.3592022221307216,0.3850837708219962,471.4966723609775,0,0,Jigawa,Sule Tankarkar
NGA.18.26_1,2025,Sep-Dec,2.0,254911.431314117,0.3354929748040148,548.0025884380037,34.39833396028635,0.3570211346774107,0.4345363461871233,535.9197196514447,0,0,Jigawa,Taura
NGA.18.27_1,2025,Sep-Dec,2.0,249329.6361961441,0.3081020096213839,551.5311505611814,34.11973402483964,0.3676385708152042,0.4046463950457438,535.3452690445225,0,0,Jigawa,Yankwashi
NGA.18.2_1,2025,Sep-Dec,2.0,402666.3886679901,0.296385999617912,520.6156216099122,35.309935203019144,0.3322083523275842,0.3770510728372048,505.8820731284945,0,0,Jigawa,Babura
NGA.18.3_1,2025,Sep-Dec,2.0,268529.3474522066,0.2877815980575709,486.4090769696345,34.586062324354835,0.340535258907111,0.3529637549059426,479.3931983582506,0,0,Jigawa,Biriniwa
NGA.18.4_1,2025,Sep-Dec,2.0,593931.7415027824,0.3309032294695415,676.6351329325882,34.290010573462304,0.3393914507316225,0.4409928586126908,648.6439652343327,0,0,Jigawa,Birnin Kudu
NGA.18.5_1,2025,Sep-Dec,2.0,183949.64642847943,0.3043169172263906,614.3070209316278,34.08871785983609,0.3382392149067215,0.3863894011599209,590.3649308314959,0,0,Jigawa,Buji
NGA.18.6_1,2025,Sep-Dec,2.0,474859.11820871045,0.3167147624401107,648.1578276858726,34.48239608350419,0.5380174904438665,0.4132989359331376,625.9330370683383,0,0,Jigawa,Dutse
NGA.18.7_1,2025,Sep-Dec,2.0,155339.16474485924,0.2904305325510934,517.890016998618,34.4325691899375,0.3649725851816581,0.3613999670987809,509.3397191506781,0,0,Jigawa,Gagarawa
NGA.18.8_1,2025,Sep-Dec,2.0,284121.3130832381,0.2853642821328734,555.4515686423551,35.13624850549291,0.3326952145181791,0.3590931074001793,542.7746148553344,0,0,Jigawa,Garki
NGA.18.9_1,2025,Sep-Dec,2.0,201131.8185954913,0.3050911112984191,490.5412966849397,35.123047270470835,0.4767369059406705,0.3908753275214334,480.2718730309088,0,0,Jigawa,Gumel
NGA.19.10_1,2025,Sep-Dec,3.0,701361.9742255744,0.253640536134274,798.2061197363699,33.62543661157896,7.115302839078708,0.3023522386144964,678.2071410885274,0,0,Kaduna,Kaduna South
NGA.19.11_1,2025,Sep-Dec,3.0,415829.2919032613,0.3661854103726734,896.8945738124265,29.19492824633676,0.3986867058563986,0.3407598612082739,695.3640820677349,0,0,Kaduna,Kagarko
NGA.19.12_1,2025,Sep-Dec,3.0,191235.0105706023,0.4500253558877765,863.9597884435378,30.025211076318698,0.3025590022294115,0.5070307645722021,695.9382461709904,0,0,Kaduna,Kajuru
NGA.19.13_1,2025,Sep-Dec,3.0,304111.2086370447,0.4233670806875494,1016.5749326432756,28.14252457460637,0.3535450751229492,0.433982626440623,742.2393017556835,0,0,Kaduna,Kaura
NGA.19.14_1,2025,Sep-Dec,3.0,385351.97648991446,0.4037364782959947,899.119623448844,30.33870117662018,0.3071324760039545,0.4908194458112151,705.2064872812489,0,0,Kaduna,Kauru
NGA.19.15_1,2025,Sep-Dec,2.0,488849.64729526977,0.3549857137594117,772.9608528261566,31.523317665851504,0.309179360173112,0.4849274702856099,651.9973975703904,0,0,Kaduna,Kubau
NGA.19.16_1,2025,Sep-Dec,2.0,241992.66663975347,0.3373245535796509,652.3362208315076,31.27614195338544,0.3583233855329363,0.4847318970034546,562.1109641478894,0,0,Kaduna,Kudan
NGA.19.17_1,2025,Sep-Dec,2.0,591662.1871227139,0.3797639653922062,956.6292525297732,31.1348140842655,0.3269887385933516,0.5071577674645014,748.4640372268248,0,0,Kaduna,Lere
NGA.19.18_1,2025,Sep-Dec,2.0,255260.558420117,0.3477648669310292,640.3780722395354,31.28790673927398,0.3957725959975771,0.4940771670563055,558.3375933302341,0,0,Kaduna,Makarfi
NGA.19.19_1,2025,Sep-Dec,2.0,507404.98812851566,0.3344675486488793,672.3370228488079,31.2952346083012,1.281946854600459,0.4523930838710271,573.6691682464581,0,0,Kaduna,Sabon Gari
NGA.19.1_1,2025,Sep-Dec,3.0,450321.17343590927,0.4426466583529855,707.7761976103347,30.808674817036906,0.3165973794806442,0.5072912863198336,614.447837602337,0,0,Kaduna,Birnin Gwari
NGA.19.20_1,2025,Sep-Dec,3.0,263810.20471807953,0.4180806386509867,1017.0341170196808,31.35307560869148,0.293381045145612,0.4489597239910736,755.487828842937,0,0,Kaduna,Sanga
NGA.19.21_1,2025,Sep-Dec,2.0,501284.0210162116,0.3345582321783271,696.0282801687475,31.487679321544828,0.3189290198154736,0.4596484420052542,582.7844943894531,0,0,Kaduna,Soba
NGA.19.22_1,2025,Sep-Dec,3.0,555527.6142267829,0.4486246503079253,950.2399249345386,28.82290622411529,0.3290919123494496,0.4736392424082693,737.5255668699925,0,0,Kaduna,Zangon Kataf
NGA.19.23_1,2025,Sep-Dec,2.0,708779.0097529456,0.3251733461108856,671.307252076516,31.439500229827555,0.9984231466701102,0.4446018999204578,561.8604097447923,0,0,Kaduna,Zaria
NGA.19.2_1,2025,Sep-Dec,3.0,648315.911133755,0.4485355468343288,750.0165144159255,29.9040579875618,0.3884132510550591,0.4834178849094518,630.8432596551888,0,0,Kaduna,Chikun
NGA.19.3_1,2025,Sep-Dec,3.0,750163.9349313815,0.3826072702596892,730.6303697181127,31.26406609176271,0.2935131665958743,0.512706995524898,625.4919249894613,0,0,Kaduna,Giwa
NGA.19.4_1,2025,Sep-Dec,3.0,750161.6163832328,0.3861072915081011,765.6787921637396,31.21297990312761,0.5713894104741811,0.4853162863827072,643.7758924021464,1,1,Kaduna,Igabi
NGA.19.5_1,2025,Sep-Dec,2.0,339110.852214236,0.3433185004308903,668.0920486535476,32.048938252678475,0.3269337082990611,0.4796622888779276,589.350838235106,0,0,Kaduna,Ikara
NGA.19.6_1,2025,Sep-Dec,3.0,271626.0305270101,0.3820557989243061,984.4347960797336,28.28855506267936,0.3243875253922139,0.3582645844563433,758.2338165366449,0,0,Kaduna,Jaba
NGA.19.7_1,2025,Sep-Dec,3.0,484493.09532405046,0.3889900906319097,988.4810662876748,31.009135393348284,0.3032967545049393,0.4031448377125543,754.2875209084125,0,0,Kaduna,Jema'a
NGA.19.8_1,2025,Sep-Dec,3.0,439849.45072275744,0.4351873543464141,865.2301828809299,28.06235408579592,0.291506303442027,0.4069087933344945,687.4564529216509,0,0,Kaduna,Kachia
NGA.19.9_1,2025,Sep-Dec,3.0,634912.3842866983,0.2897993570149775,788.5307219817159,33.12380836353584,7.430667849729576,0.3521551686243687,672.5963910978691,0,0,Kaduna,Kaduna North
NGA.2.10_1,2025,Sep-Dec,3.0,244022.660072163,0.4151557538717663,752.4159858605426,33.769538873062096,0.2992478980276842,0.5435879654333972,692.063310454128,2,2,Adamawa,Madagali
NGA.2.11_1,2025,Sep-Dec,3.0,198941.44379789705,0.3630496565051275,733.918703939948,33.81510220051127,0.2951919310568925,0.4674660960901812,603.640266667922,0,0,Adamawa,Maiha
NGA.2.12_1,2025,Sep-Dec,3.0,275913.6031934541,0.4093238978934152,751.8781161265503,34.67930473988076,0.2973767702208335,0.5405486871164196,561.1833371050967,0,0,Adamawa,Mayo-Belwa
NGA.2.13_1,2025,Sep-Dec,3.0,280309.60984977894,0.3848465422916474,795.5692651411287,32.80282532619146,0.2911983610364075,0.4963826366675984,707.1366992791607,0,0,Adamawa,Michika
NGA.2.14_1,2025,Sep-Dec,3.0,273587.22884714603,0.3813597415590725,777.744884884206,32.41280054667848,0.3456253311308369,0.484052359226421,673.0821235879432,0,0,Adamawa,Mubi North
NGA.2.15_1,2025,Sep-Dec,3.0,234658.8577375032,0.4059748994841103,818.5920895825068,32.06891714192997,0.3197089324239429,0.5043290997325697,699.3565091248114,0,0,Adamawa,Mubi South
NGA.2.16_1,2025,Sep-Dec,3.0,165308.23704373036,0.3401564323489778,531.3350655957331,33.54802301813505,0.3259319790671668,0.4314591051715808,416.51793450946354,0,0,Adamawa,Numan
NGA.2.17_1,2025,Sep-Dec,3.0,268125.013996441,0.3360889866524525,655.9574597662122,34.08998627486383,0.3078570927412616,0.430144023656942,527.7785154967428,0,0,Adamawa,Shelleng
NGA.2.18_1,2025,Sep-Dec,3.0,352447.3951820683,0.3594396638370512,671.5560445298992,34.1531224188496,0.2968730178258617,0.4630601108149787,546.2335258891235,0,0,Adamawa,Song
NGA.2.19_1,2025,Sep-Dec,2.0,94218.72159760867,0.5807558352082344,903.3621220840124,27.14238728970416,0.2798172832442319,0.6209417482973771,616.6269002328229,0,0,Adamawa,Teungo
NGA.2.1_1,2025,Sep-Dec,3.0,322146.2291783727,0.3518205270823885,567.5587870071128,33.95462168617661,0.3666681022224154,0.4475654735308023,445.73714376421,0,0,Adamawa,Demsa
NGA.2.20_1,2025,Sep-Dec,3.0,360546.5413400103,0.3499153199371967,607.0048706530063,32.726489356099286,1.28766556774514,0.4113125504994855,475.3884644426958,0,0,Adamawa,Yola North
NGA.2.21_1,2025,Sep-Dec,2.0,354268.13346563664,0.3601916386513678,663.3581511780861,34.584530933240785,0.5288843131129631,0.4605551854403968,517.6610574313814,0,0,Adamawa,Yola South
NGA.2.2_1,2025,Sep-Dec,3.0,378216.89607358206,0.3964752116938221,718.7378775461876,34.23647798308915,0.2889153815395427,0.5093008506201545,562.3307010137084,0,0,Adamawa,Fufore
NGA.2.3_1,2025,Sep-Dec,3.0,306871.75973543234,0.4621326815138653,860.8776925464716,30.744950233316576,0.2899644207862964,0.5440924346435091,612.7694553804415,0,0,Adamawa,Ganye
NGA.2.4_1,2025,Sep-Dec,3.0,240244.398457169,0.3306636369638052,758.6871674360917,34.828651375692864,0.3111443674326862,0.4286202814592306,609.3344707627965,0,0,Adamawa,Girie
NGA.2.5_1,2025,Sep-Dec,3.0,266855.8786904069,0.3581134986856351,612.791066338316,33.73494990525008,0.3292919959683172,0.4579076690270612,490.7304741970373,0,0,Adamawa,Gombi
NGA.2.6_1,2025,Sep-Dec,3.0,318712.16429994296,0.2885879176447874,569.3644984629933,34.45004168798432,0.2871135970331135,0.3788347183886749,450.8390805133017,0,0,Adamawa,Guyuk
NGA.2.7_1,2025,Sep-Dec,3.0,231401.3431179869,0.3410329000927785,727.8605125198541,34.186313775926344,0.3056151384303638,0.445315789545385,613.0647855060713,7,33,Adamawa,Hong
NGA.2.8_1,2025,Sep-Dec,3.0,304158.5906182923,0.4424865704529329,840.1547847681592,33.28647221309604,0.3412956256371811,0.583095040035471,628.7404492537034,0,0,Adamawa,Jada
NGA.2.9_1,2025,Sep-Dec,3.0,200888.8713832161,0.362855098611818,537.6544624984492,32.08752070618432,0.3780902110321116,0.4260758553947522,421.2278469027253,2,2,Adamawa,Lamurde
NGA.20.10_1,2025,Sep-Dec,2.0,460165.0,0.3209645598935933,728.624003106489,33.441027757973174,0.5407136705696006,0.4417791078632611,692.7007134853943,0,0,Kano,Dawakin Tofa
NGA.20.11_1,2025,Sep-Dec,2.0,281569.0,0.42733490454508,846.2114846014479,31.285450767596263,0.3445134038127418,0.573272705318507,709.3270610582397,0,0,Kano,Doguwa
NGA.20.12_1,2025,Sep-Dec,2.0,373997.0,0.2237935180036146,773.882359836855,34.36902058029213,19.428268723726728,0.2708177371518606,740.0598109870359,0,0,Kano,Fagge
NGA.20.13_1,2025,Sep-Dec,2.0,394759.0,0.3198225910847549,665.5023860693854,34.47050407568178,0.3533106478503569,0.4313299804646025,646.8446265108062,0,0,Kano,Gabasawa
NGA.20.14_1,2025,Sep-Dec,2.0,302729.0,0.3483311741494557,689.6958097281047,33.17022818664595,0.3385689736420431,0.4825585573473548,641.0702292163556,0,0,Kano,Garko
NGA.20.15_1,2025,Sep-Dec,2.0,221716.0,0.3481888257343382,718.7121298822085,32.197576497184,0.5073926298624437,0.4631976660401382,669.3391372707969,0,0,Kano,Garum Mallam
NGA.20.16_1,2025,Sep-Dec,2.0,387686.0,0.3363603676458471,657.1551969258168,33.72512690679558,0.3485369721433111,0.4593003655964473,626.1611785684863,0,0,Kano,Gaya
NGA.20.17_1,2025,Sep-Dec,2.0,527698.0,0.3123649295175824,745.0317980615571,33.860383835005926,2.244681508624082,0.4406691753320111,717.9418987192187,0,0,Kano,Gezawa
NGA.20.18_1,2025,Sep-Dec,2.0,668812.0,0.2206932665801848,760.9109412208803,33.96334914328958,11.664762523540142,0.2791981757742824,722.0142339146277,0,0,Kano,Gwale
NGA.20.19_1,2025,Sep-Dec,2.0,343210.0,0.3223512373436518,709.925421079647,32.583116081338325,0.3794610563697326,0.4519571836747605,658.3754001405522,0,0,Kano,Gwarzo
NGA.20.1_1,2025,Sep-Dec,2.0,322623.0,0.3174617322484637,645.7773789902178,34.041611342775205,0.3529160716978222,0.416529670747353,621.6951152461513,0,0,Kano,Ajingi
NGA.20.20_1,2025,Sep-Dec,2.0,286266.0,0.3196353259214133,711.1972692780628,33.125872984498606,0.3838759764957014,0.4351527698243477,664.1805007549917,0,0,Kano,Kabo
NGA.20.21_1,2025,Sep-Dec,2.0,693888.0,0.2083372583500814,739.87653846511,34.084713406593835,9.61738899644796,0.2713298066800651,703.631402949841,0,0,Kano,Kano
NGA.20.22_1,2025,Sep-Dec,2.0,269233.0,0.273387834346354,707.155981409472,31.186663555303443,0.3037811644565028,0.369807189667759,647.4495340246488,0,0,Kano,Karaye
NGA.20.23_1,2025,Sep-Dec,2.0,259089.0,0.3382344258317614,695.4648125314878,32.80659220454364,0.3240650674471704,0.4675059815741272,642.5665564744226,0,0,Kano,Kibiya
NGA.20.24_1,2025,Sep-Dec,2.0,499362.0,0.3409155658310243,696.4770897674885,31.86563417534113,0.3191252530950952,0.4784842381813263,637.5201472937069,0,0,Kano,Kiru
NGA.20.25_1,2025,Sep-Dec,2.0,550245.0,0.2986510270312745,731.5014920280772,33.399135502193005,3.5555895708900622,0.4056755127298443,694.7540634147791,0,0,Kano,Kumbotso
NGA.20.26_1,2025,Sep-Dec,2.0,205918.0,0.3088021987885946,627.4353872496378,33.340116224789256,0.3629981291517174,0.4231504485431125,599.1244603963129,0,0,Kano,Kunchi
NGA.20.27_1,2025,Sep-Dec,2.0,267456.0,0.4138622025897812,697.5980857511029,31.209453436740336,0.4801686174152454,0.512951052497289,660.4814641438043,0,0,Kano,Kura
NGA.20.28_1,2025,Sep-Dec,2.0,257346.0,0.3512620195719789,723.7198670180634,32.80835892481928,0.4811236436277477,0.4869731750999078,679.5559840048561,0,0,Kano,Madobi
NGA.20.29_1,2025,Sep-Dec,2.0,411376.0,0.3305340809828038,605.8807738454018,33.65474805022127,0.3498970915215902,0.4504221645660973,581.1803425386913,0,0,Kano,Makoda
NGA.20.2_1,2025,Sep-Dec,2.0,350714.0,0.3320518564912689,685.4321884339868,33.74357431413794,0.3324341387327089,0.4535578948390568,648.3603645303541,0,0,Kano,Albasu
NGA.20.30_1,2025,Sep-Dec,2.0,410473.0,0.3246319443113271,725.2127009360587,33.843187656550235,0.4552715401436428,0.4577901891960776,695.631645956793,0,0,Kano,Minjibir
NGA.20.31_1,2025,Sep-Dec,2.0,1114748.0,0.1733149889823717,768.5550088106896,35.47705991671443,9.825534176765984,0.2163008780715811,734.6523944011036,0,0,Kano,Nasarawa
NGA.20.32_1,2025,Sep-Dec,2.0,277141.0,0.2882110725735876,675.5505031455048,30.93483464822941,0.3497507302413989,0.3745680014366273,622.7066924912236,0,0,Kano,Rano
NGA.20.33_1,2025,Sep-Dec,2.0,193210.0,0.3374520871697634,726.5138415268999,33.024963620517745,0.3959515476798743,0.4756215104442057,680.1428497733345,0,0,Kano,Rimin Gado
NGA.20.34_1,2025,Sep-Dec,2.0,425418.0,0.3283877506681865,697.7022418167659,31.27534838746526,0.316241085943852,0.4678518931435084,625.6569384631874,0,0,Kano,Rogo
NGA.20.35_1,2025,Sep-Dec,2.0,260044.0,0.3148461706344345,748.7681207206026,32.99595151615134,0.3417330128518396,0.434252534633732,703.6715208356251,0,0,Kano,Shanono
NGA.20.36_1,2025,Sep-Dec,2.0,467981.0,0.3653530375495344,719.2401103800219,32.47694992654499,0.3076937830631185,0.5051960411632677,660.4700021758206,0,0,Kano,Sumaila
NGA.20.37_1,2025,Sep-Dec,2.0,378751.0,0.3406412593414815,714.9092477354549,33.582218258809554,0.323846925625277,0.4666433030827906,674.1043852260424,0,0,Kano,Takai
NGA.20.38_1,2025,Sep-Dec,2.0,414648.0,0.2040875616093432,761.5482799702891,34.27875068147238,12.02815333461246,0.2549244776599165,726.8300661813448,0,0,Kano,Tarauni
NGA.20.39_1,2025,Sep-Dec,2.0,184299.0,0.3424717404547242,731.7529186412964,33.2346613621738,0.6231004251437228,0.4891724588105189,688.0345203048513,0,0,Kano,Tofa
NGA.20.3_1,2025,Sep-Dec,2.0,301920.0,0.3197739602405968,740.4455872453244,32.70309549270876,0.3606180079105385,0.4491476787347014,699.5934093075329,0,0,Kano,Bagwai
NGA.20.40_1,2025,Sep-Dec,2.0,294812.0,0.2988702062822316,718.1466892211071,33.12123297103081,0.3297102773802287,0.4041415989648876,683.698098726913,0,0,Kano,Tsanyawa
NGA.20.41_1,2025,Sep-Dec,2.0,427383.0,0.3732401356588126,689.9114814051633,32.24026203818792,0.320246085390265,0.4964643167081581,620.9251900296022,0,0,Kano,Tudun Wada
NGA.20.42_1,2025,Sep-Dec,2.0,680496.0,0.2574453823217057,767.5273292885906,34.16511843298763,3.769162556270588,0.352125716512812,733.6623336130532,0,0,Kano,Ungogo
NGA.20.43_1,2025,Sep-Dec,2.0,246455.0,0.3306537702654304,705.1645120143592,33.40528291183967,1.0192720747362791,0.4654092780688443,672.49131425246,0,0,Kano,Warawa
NGA.20.44_1,2025,Sep-Dec,2.0,352584.0,0.3649904115045595,669.9832543590468,32.79018345920134,0.4601261800977241,0.5042887104808843,631.3703083683627,0,0,Kano,Wudil
NGA.20.4_1,2025,Sep-Dec,2.0,358709.0,0.3229095961287297,670.104412792262,32.444420401630246,0.407293587021213,0.4454263817213561,611.8702803120435,0,0,Kano,Bebeji
NGA.20.5_1,2025,Sep-Dec,2.0,520185.0,0.3030018881285883,687.9566659220744,33.14184912663183,0.5091719763719567,0.4167500755636861,654.2104080805418,0,0,Kano,Bichi
NGA.20.6_1,2025,Sep-Dec,2.0,326095.0,0.3732441613566485,694.876795935233,31.96807915810317,0.3621489638578124,0.4975983415360212,648.7974873278545,0,0,Kano,Bunkure
NGA.20.7_1,2025,Sep-Dec,2.0,782701.0,0.2281604802774824,759.2280740960213,33.417701091154335,8.204617416190464,0.3044773304977468,721.3929923322403,0,0,Kano,Dala
NGA.20.8_1,2025,Sep-Dec,2.0,393395.0,0.3005794691958681,601.521746007152,34.7797578236308,0.3538987349868905,0.3994649258891077,579.4046364660611,0,0,Kano,Dambatta
NGA.20.9_1,2025,Sep-Dec,2.0,421441.0,0.3695817684114844,696.2631431451348,32.27839177760399,0.6472958841324292,0.5107500927092842,657.4135762269921,0,0,Kano,Dawakin Kudu
NGA.21.10_1,2025,Sep-Dec,3.0,386377.994473473,0.2713601665175082,622.8829040871449,33.90342497338005,0.5072822193930079,0.3521804423246339,606.5015164543801,0,0,Katsina,Daura
NGA.21.11_1,2025,Sep-Dec,3.0,207723.669944568,0.2727992872928618,627.5529659249694,34.00996374224608,0.3621066794462637,0.3608903314209493,610.1169280398257,0,0,Katsina,Dutsi
NGA.21.12_1,2025,Sep-Dec,3.0,291786.171322087,0.306086819098703,731.5962719077149,32.71672780056954,0.3905759154004936,0.4077434051357595,699.4889194609257,0,0,Katsina,Dutsinma
NGA.21.13_1,2025,Sep-Dec,2.0,334002.09888384497,0.3924423744002038,700.5880747507642,31.30720313301921,0.3565704836938002,0.5278515391748404,639.6549220938043,0,0,Katsina,Faskari
NGA.21.14_1,2025,Sep-Dec,2.0,386844.89268057904,0.372037048651685,695.661914530207,31.5586515053054,0.4635190624111306,0.5344598797817681,622.2326527493669,0,0,Katsina,Funtua
NGA.21.15_1,2025,Sep-Dec,2.0,290616.73379396,0.3153434728498885,597.5361979920044,33.19395253598256,0.3543617536021803,0.4291231143400603,575.825520247866,0,0,Katsina,Ingawa
NGA.21.16_1,2025,Sep-Dec,3.0,287673.95988297503,0.3351407258830075,588.6243517373475,34.11682235306509,0.363677100721061,0.4535657183742597,570.6236606825464,0,0,Katsina,Jibia
NGA.21.17_1,2025,Sep-Dec,3.0,359705.612388657,0.360613743709948,729.549098254333,31.38776580606172,0.3173257290758811,0.5187914401129418,661.5207585456736,0,0,Katsina,Kafur
NGA.21.18_1,2025,Sep-Dec,3.0,313393.913465502,0.2892358756818552,571.2545850463808,34.02199425186965,0.3966673092952493,0.3807079719091946,556.6139533170685,0,0,Katsina,Kaita
NGA.21.19_1,2025,Sep-Dec,3.0,417948.423712178,0.3888130401462935,714.1687458451977,32.00712969618074,0.3584962231596278,0.5353267821639182,667.8711904205692,0,0,Katsina,Kankara
NGA.21.1_1,2025,Sep-Dec,3.0,256886.078343504,0.370882261876783,707.436306732655,30.92954419798789,0.3384337881194905,0.533603401432685,643.9403761107807,0,0,Katsina,Bakori
NGA.21.20_1,2025,Sep-Dec,2.0,260114.90960673,0.3171016227977835,697.8708152934786,32.88546156271577,0.3505400433824688,0.4305090278368817,668.1476311269743,0,0,Katsina,Kankia
NGA.21.21_1,2025,Sep-Dec,3.0,546588.7438165101,0.2453355138899818,607.3355522480854,33.865018449331345,2.858420687120828,0.3329864383585599,590.64840437565,0,0,Katsina,Katsina
NGA.21.22_1,2025,Sep-Dec,3.0,200504.283817321,0.3006744617508787,683.6008623331264,33.70854073124283,0.348656114370586,0.3977983286548908,658.6177638776292,0,0,Katsina,Kurfi
NGA.21.23_1,2025,Sep-Dec,2.0,168973.310765132,0.3121125982069466,645.686756319578,33.01188404411909,0.3292529775768023,0.4221734326712927,616.6500202527426,0,0,Katsina,Kusada
NGA.21.24_1,2025,Sep-Dec,3.0,346716.854988626,0.2866284344198399,529.7293322077237,34.667662623256724,0.459253846119239,0.3713490887790785,516.9371503005862,0,0,Katsina,Mai'Adua
NGA.21.25_1,2025,Sep-Dec,3.0,314229.069413424,0.3646780720450573,720.579369734023,31.913030275784937,0.3495213384037056,0.5195917933380042,668.2846724577868,2,52,Katsina,Malumfashi
NGA.21.26_1,2025,Sep-Dec,3.0,302906.239888513,0.2816567006827781,586.6558921495551,33.825507743189924,0.3774583511226523,0.3777730196155481,568.8510733256516,0,0,Katsina,Mani
NGA.21.27_1,2025,Sep-Dec,3.0,293918.997404313,0.275133045781032,555.8053241808377,34.17438247253063,0.3647009041832039,0.3577391307531379,541.4582765226003,0,0,Katsina,Mashi
NGA.21.28_1,2025,Sep-Dec,2.0,195545.956378477,0.3516203620648429,747.3994850065154,32.50907362079635,0.3363821457819825,0.4837190449780248,714.726817159527,0,0,Katsina,Matazu
NGA.21.29_1,2025,Sep-Dec,2.0,292090.860762405,0.3367460209977357,746.0361886814667,32.512754800196326,0.3385521610306961,0.4629631625393419,705.6716036485525,0,0,Katsina,Musawa
NGA.21.2_1,2025,Sep-Dec,3.0,324826.343508513,0.2850902076335659,621.0147573758625,33.59512753737888,0.6512718527611964,0.3858369765739386,603.4541528504935,0,0,Katsina,Batagarawa
NGA.21.30_1,2025,Sep-Dec,3.0,264748.81951199804,0.2738555693020909,627.3310870786208,33.31886582038409,0.4089714028073268,0.3700536844304642,608.9505486453246,0,0,Katsina,Rimi
NGA.21.31_1,2025,Sep-Dec,2.0,241703.118571111,0.3580431840221657,712.0715926559783,30.85534325985347,0.3527847062696057,0.4858600725390594,622.7317011573856,0,0,Katsina,Sabuwa
NGA.21.32_1,2025,Sep-Dec,3.0,318207.56822045404,0.3951808315874477,715.2095905895865,33.53775969852476,0.3379694151870929,0.5276280254645186,681.4949315353772,0,0,Katsina,Safana
NGA.21.33_1,2025,Sep-Dec,3.0,235286.008236356,0.2863568920928713,588.6077279819059,34.07649222032091,0.3588531462093359,0.3770260226485372,571.4525584112565,0,0,Katsina,Sandamu
NGA.21.34_1,2025,Sep-Dec,3.0,268115.74742803,0.3078367486518288,551.7284291720687,34.61227368582869,0.3491283858032815,0.4070401359001394,536.7714371950693,0,0,Katsina,Zango
NGA.21.3_1,2025,Sep-Dec,3.0,357153.016322108,0.3269111161330731,651.2910652367467,34.16430643045363,0.3416926109933156,0.4319012108464892,625.886191725215,0,0,Katsina,Batsari
NGA.21.4_1,2025,Sep-Dec,3.0,348676.512252254,0.2997540420041412,505.7439346838806,35.18476512331479,0.3246811575179026,0.3799180039477185,491.8239532635475,0,0,Katsina,Baure
NGA.21.5_1,2025,Sep-Dec,3.0,259439.77041523403,0.3190648506554852,607.0277423773771,33.43131637084636,0.3682186147920398,0.4451437816257069,587.6515361544443,0,0,Katsina,Bindawa
NGA.21.6_1,2025,Sep-Dec,3.0,235363.824604207,0.2976755739867634,674.2423440096844,32.9938376371006,0.3401372530358409,0.4040198987106381,648.6547946268494,0,0,Katsina,Charanchi
NGA.21.7_1,2025,Sep-Dec,2.0,249682.036288791,0.3530016130330565,716.9201092214266,31.510091946835985,0.3770145835832536,0.5054026710968802,637.802740730525,0,0,Katsina,Dandume
NGA.21.8_1,2025,Sep-Dec,3.0,215591.8911389669,0.345219420275539,690.6871628663013,31.0362599469392,0.3026133252575792,0.4949842736569449,614.6438994565075,0,0,Katsina,Danja
NGA.21.9_1,2025,Sep-Dec,3.0,194474.063311459,0.3779450220841827,706.2746598673563,32.98529676622181,0.3734711271246614,0.5033954985448158,668.6167769269326,0,0,Katsina,Danmusa
NGA.22.10_1,2025,Sep-Dec,2.0,333731.0,0.3699984899333237,672.9626204724261,34.20433675008372,0.3208843120380829,0.4798355999018391,593.0811849433395,0,0,Kebbi,Fakai
NGA.22.11_1,2025,Sep-Dec,2.0,352236.0,0.2972432608284654,493.6836826393613,34.49924984556799,0.3504450677866323,0.3846361643056622,463.1863302720719,0,0,Kebbi,Gwandu
NGA.22.12_1,2025,Sep-Dec,2.0,204691.0,0.3132639903219211,606.2087393516944,34.59353719732487,0.3307064117337082,0.3785020835712321,566.0755888875038,0,0,Kebbi,Jega
NGA.22.13_1,2025,Sep-Dec,2.0,418666.0,0.2917758151726862,586.7248577389573,34.97662043947514,0.3135960938720928,0.3678058218264111,550.1973591723347,0,0,Kebbi,Kalgo
NGA.22.14_1,2025,Sep-Dec,2.0,257184.0,0.3105158175487141,675.8396799808646,33.90850742361355,0.3241059084012028,0.3863781251401508,593.8337856056239,0,0,Kebbi,Koko/Besse
NGA.22.15_1,2025,Sep-Dec,2.0,261166.0,0.3034436756913929,631.0301241534971,34.865572117211215,0.3221686042427495,0.3655051708882569,585.2784416976414,0,0,Kebbi,Maiyama
NGA.22.16_1,2025,Sep-Dec,2.0,466612.0,0.2791194393508747,640.535094444061,32.13807959957479,0.3046695985867754,0.3753025575016688,506.6083815481043,0,0,Kebbi,Ngaski
NGA.22.17_1,2025,Sep-Dec,2.0,210678.0,0.314480083029538,653.8309259467904,33.961264019624444,0.2996106361042439,0.393233753375634,564.659976507288,0,0,Kebbi,Sakaba
NGA.22.18_1,2025,Sep-Dec,2.0,221814.0,0.3598508328371784,668.3892345409256,33.896574089046574,0.3146999826476875,0.4676175071484603,563.3658850147491,0,0,Kebbi,Shanga
NGA.22.19_1,2025,Sep-Dec,2.0,161350.0,0.3150273595045952,647.2601963915108,34.08029061391368,0.3119276978647092,0.3587077375539085,594.6294002233578,0,0,Kebbi,Suru
NGA.22.1_1,2025,Sep-Dec,2.0,117990.0,0.2913646962494222,551.4519766130227,34.13442980053341,0.4133507821762472,0.3727354103464932,517.3157802319406,0,0,Kebbi,Aleiro
NGA.22.20_1,2025,Sep-Dec,2.0,176892.0,0.3197565411307219,663.3715126134365,32.55873068158735,0.3115403762829048,0.3903240263849128,546.0483051258274,0,0,Kebbi,Yauri
NGA.22.21_1,2025,Sep-Dec,2.0,290826.0,0.3122571549228978,628.9413836305789,33.52039292032088,0.3332418051678763,0.3942787946013864,559.3120849022811,0,0,Kebbi,Zuru
NGA.22.2_1,2025,Sep-Dec,2.0,472503.0,0.2689254769639447,521.137167721033,34.45921875815136,0.3279624994186134,0.3324661123035799,493.4781539490864,2,12,Kebbi,Arewa Dandi
NGA.22.3_1,2025,Sep-Dec,2.0,217318.0,0.2991543815402611,510.5850301911376,34.123002388498456,0.3835382649184073,0.3777171865153382,483.094037583346,0,0,Kebbi,Argungu
NGA.22.4_1,2025,Sep-Dec,2.0,265744.0,0.3136945046005053,495.1029226347898,33.897119095136496,0.3787218196771602,0.3970359829334453,472.2757146052847,0,0,Kebbi,Augie
NGA.22.5_1,2025,Sep-Dec,2.0,347855.0,0.3787351559564141,743.6236706995513,33.726988606303166,0.3120256867419889,0.4795716200937849,655.8637598498747,0,0,Kebbi,Bagudo
NGA.22.6_1,2025,Sep-Dec,2.0,149388.0,0.300050082380523,570.3222291824933,34.36009337662307,0.6803370874513611,0.3815170136603365,537.7111028557923,0,0,Kebbi,Birnin Kebbi
NGA.22.7_1,2025,Sep-Dec,2.0,272324.0,0.2997454707049094,579.2593357568319,34.7115354886356,0.3160086811735308,0.3594489145407982,537.395639369577,1,6,Kebbi,Bunza
NGA.22.8_1,2025,Sep-Dec,2.0,305641.0,0.3207199453677949,628.8965329797797,34.17093653063581,0.3245945048323487,0.3782579478599179,572.4019072532797,0,0,Kebbi,Dandi
NGA.22.9_1,2025,Sep-Dec,2.0,223642.0,0.3261780509119374,638.5356723525147,33.35028102732878,0.3187353357118083,0.4179131348667211,568.3684973421921,0,0,Kebbi,Danko Wasagu
NGA.23.10_1,2025,Sep-Dec,2.0,213300.0,0.5739161331948733,853.6526418612385,28.958541456473966,0.3510758004996119,0.6501449301294423,627.3273476353072,0,0,Kogi,Kabba/Bunu
NGA.23.11_1,2025,Sep-Dec,2.0,169810.0,0.4751447882822775,766.5789285025221,28.53486699473544,0.3517845129694076,0.5170155651598599,580.0615027859449,0,0,Kogi,Kogi
NGA.23.12_1,2025,Sep-Dec,2.0,290010.0,0.4949174543728077,764.7614237717768,30.695112154581427,0.4299958384833023,0.5742021735308572,566.4505597176923,0,0,Kogi,Lokoja
NGA.23.13_1,2025,Sep-Dec,2.0,97362.0,0.5936303968400791,814.0729742979769,28.162915457755663,0.2950687074993021,0.649093444654401,564.1198952047491,0,0,Kogi,Mopa-Muro
NGA.23.14_1,2025,Sep-Dec,3.0,282470.0,0.4422576629544469,715.947387618208,26.64607591438731,0.3127947124392973,0.3641117272543686,454.7381064820715,0,0,Kogi,Ofu
NGA.23.15_1,2025,Sep-Dec,3.0,58679.0,0.4997848865673697,814.2507560384666,27.023522450909287,0.4468189933019508,0.4333676380844019,540.0738162368621,0,0,Kogi,Ogori/Magongo
NGA.23.16_1,2025,Sep-Dec,3.0,329785.0,0.5344695672453634,783.3051150628888,28.481874908337687,0.4786647709990341,0.5701679936969387,548.2980357171525,0,0,Kogi,Okehi
NGA.23.17_1,2025,Sep-Dec,3.0,480254.0,0.5351982217428856,776.7295993380374,27.72231520780604,0.4306616893592147,0.5270066542454678,511.7770705226779,0,0,Kogi,Okene
NGA.23.18_1,2025,Sep-Dec,3.0,233734.0,0.4654577735500389,739.6216446929132,26.996254160622502,0.2970177393330787,0.3297434948251193,472.3861064801364,0,0,Kogi,Olamaboro
NGA.23.19_1,2025,Sep-Dec,3.0,216906.0,0.5451420409135282,823.7462138260072,27.964142631927217,0.2884821206303682,0.5568482688133516,601.6259024097754,1,2,Kogi,Omala
NGA.23.1_1,2025,Sep-Dec,3.0,320388.0,0.5043791787115938,755.9928034976139,29.14113573906361,0.5069190782433167,0.5219268351965822,527.7800960448731,0,0,Kogi,Adavi
NGA.23.20_1,2025,Sep-Dec,2.0,217780.0,0.5922517767872487,784.848332517121,28.407119187817127,0.3087933756060214,0.6564129467801558,540.6551112038484,0,0,Kogi,Yagba East
NGA.23.21_1,2025,Sep-Dec,2.0,206416.0,0.566161486577258,730.0426918003423,30.01194279177676,0.312258035379993,0.6467529011340436,487.08699270438046,0,0,Kogi,Yagba West
NGA.23.2_1,2025,Sep-Dec,3.0,180628.0,0.4659790439585511,763.026985796713,28.74824512537244,0.3948821515417275,0.4604173642571164,525.4207528238483,0,0,Kogi,Ajaokuta
NGA.23.3_1,2025,Sep-Dec,3.0,392617.0,0.5100152877131517,776.053129593101,27.35921213669272,0.3179102426887661,0.4453120126316817,532.3336110207985,0,0,Kogi,Ankpa
NGA.23.4_1,2025,Sep-Dec,3.0,206088.0,0.4813357204823907,787.1710849146286,28.599939975001927,0.3138228246834968,0.4963568961823499,566.9858402915376,0,0,Kogi,Bassa
NGA.23.5_1,2025,Sep-Dec,3.0,384968.0,0.489002715926262,784.745717873877,27.07789526870464,0.3105070647154781,0.4141640889832703,529.065283774399,0,0,Kogi,Dekina
NGA.23.6_1,2025,Sep-Dec,3.0,188168.0,0.366042149057709,808.2150586519234,27.673831520161773,0.2770631205339038,0.3181647990033128,522.6658873131529,0,0,Kogi,Ibaji
NGA.23.7_1,2025,Sep-Dec,3.0,117687.0,0.3361586310967393,699.3745334759118,27.16535795843055,0.313473523723785,0.3484694933980058,461.978610723353,0,0,Kogi,Idah
NGA.23.8_1,2025,Sep-Dec,3.0,188168.0,0.3789077362564683,735.4354495472375,27.6471372657995,0.2764446838557124,0.2985360002399203,467.7213203825699,0,0,Kogi,Igalamela-Odolu
NGA.23.9_1,2025,Sep-Dec,2.0,174946.0,0.5792620146755229,864.3109002747418,26.90015868145608,0.398752066637896,0.602354797892079,612.1187568080638,0,0,Kogi,Ijumu
NGA.24.10_1,2025,Sep-Dec,2.0,97581.0,0.5810659700354837,704.223942641202,27.86400399066172,0.3199385504366841,0.6088358488893234,426.6205666898453,0,0,Kwara,Isin
NGA.24.11_1,2025,Sep-Dec,2.0,203466.0,0.4561070615645513,653.4608487795936,32.06225085384291,0.3130793405078445,0.5495364001331685,430.73743809107606,0,0,Kwara,Kaiama
NGA.24.12_1,2025,Sep-Dec,2.0,178333.0,0.4750611368712538,617.069083884798,31.53010905502811,0.3351442151751697,0.539363839812456,350.92085252578386,0,0,Kwara,Moro
NGA.24.13_1,2025,Sep-Dec,2.0,145988.0,0.441301039140862,627.6601370447734,28.17048585549419,0.7466697291903476,0.4144923738919584,313.8874116022617,0,0,Kwara,Offa
NGA.24.14_1,2025,Sep-Dec,2.0,158978.0,0.5912467034414547,701.7901196413759,29.028557867680306,0.313814209407752,0.6369872582369672,445.7633694982344,0,0,Kwara,Oke-Ero
NGA.24.15_1,2025,Sep-Dec,2.0,93428.0,0.5131731558306863,666.3911215530113,27.45077963189904,0.4178449404598778,0.4926196986884464,342.1476945867839,0,0,Kwara,Oyun
NGA.24.16_1,2025,Sep-Dec,2.0,181830.0,0.5064768691680995,652.8534196315046,31.150112774979217,0.3012075993037569,0.6034574140335427,450.9620483833184,0,0,Kwara,Pategi
NGA.24.1_1,2025,Sep-Dec,2.0,209877.0,0.4995151504430743,636.430427738554,29.23001666574032,0.5686387509621391,0.5081853186000779,326.54738606893443,0,0,Kwara,Asa
NGA.24.2_1,2025,Sep-Dec,2.0,347889.0,0.4524147854403328,753.1656347256296,30.497197576424185,0.3056024958109855,0.4658326481716523,458.01691638177454,0,0,Kwara,Baruten
NGA.24.3_1,2025,Sep-Dec,2.0,339368.0,0.4677867634175773,587.1110723395277,32.23797761770375,0.3277559506222707,0.578421966091081,371.4341379376901,0,0,Kwara,Edu
NGA.24.4_1,2025,Sep-Dec,2.0,91597.0,0.6233928227510417,717.0090801327847,28.096272744498123,0.3030054889424092,0.6763738217831131,449.278461623965,0,0,Kwara,Ekiti
NGA.24.5_1,2025,Sep-Dec,2.0,344974.0,0.5277332666795005,688.6509878286686,30.52160824390773,0.3152038712561778,0.6120110355305358,420.4787371184004,0,0,Kwara,Ifelodun
NGA.24.6_1,2025,Sep-Dec,2.0,349234.0,0.4412400742207193,680.4359145330407,30.778631326609062,0.7889239961180708,0.4794767292463741,387.08744418516267,1,1,Kwara,Ilorin East
NGA.24.7_1,2025,Sep-Dec,2.0,352150.0,0.4774145267069167,689.8689667911257,29.795864147809592,1.0629562213289356,0.514113964260264,375.88190582966513,0,0,Kwara,Ilorin South
NGA.24.8_1,2025,Sep-Dec,2.0,614720.0,0.3211277626278478,658.5784215768181,31.52792980784694,3.0218322981912835,0.355471587669047,343.0899325171328,0,0,Kwara,Ilorin West
NGA.24.9_1,2025,Sep-Dec,2.0,248444.0,0.5339623070593877,704.7543859462221,27.779722115316115,0.3779942811578194,0.511551223693073,403.0883464631495,0,0,Kwara,Irepodun
NGA.25.10_1,2025,Sep-Dec,2.0,1397510.61340723,0.2060474331602231,882.9496832406967,31.837878003172094,11.819618436487204,0.2124085670321215,478.65055173275016,0,0,Lagos,Ifako/Ijaye
NGA.25.11_1,2025,Sep-Dec,2.0,1218011.41732608,0.2241592966998666,945.827340163664,33.72615132706579,20.688493379107985,0.2163337930251695,523.8528191206191,0,0,Lagos,Ikeja
NGA.25.12_1,2025,Sep-Dec,2.0,1293724.34837453,0.3783624220863715,1019.808523635944,28.27279024372669,5.585127286312059,0.3443731008059502,568.1666506859872,2,2,Lagos,Ikorodu
NGA.25.13_1,2025,Sep-Dec,2.0,1754793.30302669,0.3008902153043235,1029.5108377868537,29.02194712931328,12.558044375469567,0.2637269239496605,582.2066226111299,0,0,Lagos,Kosofe
NGA.25.14_1,2025,Sep-Dec,2.0,1614417.84026726,0.1768489008614451,1050.6524459586294,28.67875461985967,4.458484937435402,0.1217845685803398,586.4186909810262,2,5,Lagos,Lagos Island
NGA.25.15_1,2025,Sep-Dec,2.0,1181866.25792563,0.1528974949001892,992.2144968386324,31.702830387383056,18.713010819364555,0.1357723189691401,538.3555024442064,0,0,Lagos,Mainland
NGA.25.16_1,2025,Sep-Dec,2.0,2481227.91465523,0.1837983674301385,1029.807691225174,34.418157070438724,19.027344278069496,0.1723756763768437,576.769322508331,0,0,Lagos,Mushin
NGA.25.17_1,2025,Sep-Dec,2.0,1767766.03660339,0.3734421662984489,838.4218999604603,27.183742309359346,3.4219740310194298,0.3386660867493266,451.7652309089731,2,2,Lagos,Ojo
NGA.25.18_1,2025,Sep-Dec,2.0,2130182.64459418,0.2702911287878786,966.504952831753,33.027435536213225,14.332933434512874,0.2571984259259257,531.2711735815469,0,0,Lagos,Oshodi/Isolo
NGA.25.19_1,2025,Sep-Dec,2.0,1924730.28762624,0.1632453130596747,1044.7906760025146,32.93040622158631,21.815402574154547,0.1483900924134966,578.0842092728553,0,0,Lagos,Shomolu
NGA.25.1_1,2025,Sep-Dec,2.0,1939640.74290893,0.1801822409126063,890.176761947676,32.98538011599563,13.965191527641016,0.1838178344934261,483.7605704193327,0,0,Lagos,Agege
NGA.25.20_1,2025,Sep-Dec,2.0,2392691.72827853,0.158181607211354,955.9925560039115,34.74440129827104,17.632463584047645,0.1486149831649831,521.7732394315402,0,0,Lagos,Surulere
NGA.25.2_1,2025,Sep-Dec,2.0,2694853.21467802,0.1539446668928853,800.5043721391356,34.005477217340044,19.809616809300664,0.1342962108358782,414.166490053277,0,0,Lagos,Ajeromi/Ifelodun
NGA.25.3_1,2025,Sep-Dec,2.0,3843415.49902848,0.2715917107850884,852.9071199689363,29.74136064044412,10.095144729973445,0.2588569869532389,451.9499785977232,2,3,Lagos,Alimosho
NGA.25.4_1,2025,Sep-Dec,2.0,985666.16489472,0.3117280991645979,856.1372286029901,28.35803535159589,7.249908278585202,0.2770513402769231,459.2681792392983,1,1,Lagos,Amuwo Odofin
NGA.25.5_1,2025,Sep-Dec,2.0,980808.12182016,0.1803116725748681,914.1040654979722,29.24992316864001,23.386188352978653,0.1637607294868575,488.0818836296802,0,0,Lagos,Apapa
NGA.25.6_1,2025,Sep-Dec,2.0,714260.927218176,0.4234785299853427,764.9157724509553,27.57146131853036,1.3738245113833016,0.3806955674294318,386.14220685400346,0,0,Lagos,Badagry
NGA.25.7_1,2025,Sep-Dec,2.0,607643.368303104,0.3835767518276185,1038.112243953877,25.6935863913325,2.8146336687221045,0.3083941112730688,587.9159035503128,0,0,Lagos,Epe
NGA.25.8_1,2025,Sep-Dec,2.0,1846608.11892634,0.2222296700392302,1001.212846201502,29.13607237788136,19.379170060002643,0.1800021454311736,562.9103109683913,2,4,Lagos,Eti-Osa
NGA.25.9_1,2025,Sep-Dec,2.0,186892.873855488,0.3881402378439036,998.7609541736608,26.166854193867167,6.563725179435221,0.2942754594181396,564.8006236888032,2,2,Lagos,Ibeju-Lekki
NGA.26.10_1,2025,Sep-Dec,2.0,212623.0,0.3845907218367803,1103.3614330675996,30.64258285695104,0.2936266809798578,0.3972836283075289,892.7017932123106,0,0,Nasarawa,Nasarawa Eggon
NGA.26.11_1,2025,Sep-Dec,2.0,168550.0,0.331894167805278,907.875896692481,32.49111529322869,0.2710229202082551,0.4008773019467,661.8801775210904,2,2,Nasarawa,Obi
NGA.26.12_1,2025,Sep-Dec,2.0,169667.0,0.4069631755925096,717.0059253291488,27.78766021730986,0.281675092351576,0.4030638874269502,537.538532784938,0,0,Nasarawa,Toto
NGA.26.13_1,2025,Sep-Dec,2.0,103929.0,0.4691014873175862,1117.9225581776593,30.56001456449398,0.2808433552214,0.4768449817967243,874.9159206974365,0,0,Nasarawa,Wamba
NGA.26.1_1,2025,Sep-Dec,2.0,161721.0,0.399162816895202,1116.2898467682876,31.26681754349037,0.3478861355429711,0.3880623398429428,885.8347298296299,0,0,Nasarawa,Akwanga
NGA.26.2_1,2025,Sep-Dec,2.0,159410.0,0.349018418545878,775.4936612028761,31.50784104900579,0.2677611995911011,0.4091061854401092,543.3593341308097,0,0,Nasarawa,Awe
NGA.26.3_1,2025,Sep-Dec,2.0,199047.0,0.351117158473406,841.1502782339185,30.77190892489117,0.2747761559360758,0.384255674496019,629.6637680564723,1,1,Nasarawa,Doma
NGA.26.4_1,2025,Sep-Dec,2.0,292961.0,0.3410454740475641,941.0858596424096,31.42563866216669,0.6207129076229623,0.3705959600755619,747.3948469302173,0,0,Nasarawa,Karu
NGA.26.5_1,2025,Sep-Dec,2.0,112997.0,0.3677118125519382,860.0723405942408,31.19810066676056,0.2498318713682756,0.4138993728919196,609.3524444905204,2,2,Nasarawa,Keana
NGA.26.6_1,2025,Sep-Dec,2.0,132117.0,0.3192771016916055,918.9627994971949,32.12885120305409,0.894213979328232,0.3919182752784763,739.6904258669149,0,0,Nasarawa,Keffi
NGA.26.7_1,2025,Sep-Dec,2.0,166312.0,0.3518744677789324,998.385605174924,30.83961715146276,0.316974921960037,0.3714526844422215,814.1087488083483,0,0,Nasarawa,Kokona
NGA.26.8_1,2025,Sep-Dec,2.0,471562.0,0.3586008197677809,975.4000681805912,31.125732546094312,0.376218692536754,0.397529516571784,757.3497727872019,0,0,Nasarawa,Lafia
NGA.26.9_1,2025,Sep-Dec,2.0,270660.0,0.3628593059885727,794.5881863304656,30.51506873698681,0.283170944991377,0.4010751163701406,608.8311504018484,0,0,Nasarawa,Nasarawa
NGA.27.10_1,2025,Sep-Dec,2.0,228276.0,0.367087962742086,544.1415258996093,31.033323064502223,0.3130004743307324,0.4240266254820171,401.3655829378272,0,0,Niger,Katcha
NGA.27.11_1,2025,Sep-Dec,2.0,293841.0,0.3616993591671695,627.2951764891517,33.74683935900595,0.3485259505886377,0.4603071997278979,515.7634618631428,0,0,Niger,Kontagora
NGA.27.12_1,2025,Sep-Dec,2.0,217299.0,0.420407556188098,658.5698572174418,30.728899808303847,0.298174417156507,0.5035800157282634,483.32477118373095,1,1,Niger,Lapai
NGA.27.13_1,2025,Sep-Dec,2.0,396317.0,0.389752895172213,549.2515121605359,31.71752514457046,0.3107107909259954,0.4440159668561556,381.8295946858818,0,0,Niger,Lavun
NGA.27.14_1,2025,Sep-Dec,2.0,342719.0,0.3518356783408612,616.8942867288912,33.84017028815014,0.3072053965721275,0.452150060811594,481.7591063528623,0,0,Niger,Magama
NGA.27.15_1,2025,Sep-Dec,2.0,376954.0,0.395125659796735,641.8794958933585,33.94610302021095,0.286855313173292,0.5013144175543808,544.7153290746942,0,0,Niger,Mariga
NGA.27.16_1,2025,Sep-Dec,2.0,406403.0,0.3841830657357183,578.750016014931,32.536473250855096,0.2992266786547187,0.4698529223793902,427.04525417751336,0,0,Niger,Mashegu
NGA.27.17_1,2025,Sep-Dec,2.0,454842.0,0.3916080166978278,562.402846055612,31.289038206306937,0.3525193020696591,0.4592724651477108,366.3527516862013,0,0,Niger,Mokwa
NGA.27.18_1,2025,Sep-Dec,2.0,195416.0,0.3647928915249701,696.7076089065382,29.63449931068788,0.277002161810195,0.3786617877602636,565.1977916192391,0,0,Niger,Muya
NGA.27.19_1,2025,Sep-Dec,2.0,298772.0,0.3534476074941483,674.0596019251062,30.208435868677423,0.2910559307987848,0.3898415483094355,533.805479220543,0,0,Niger,Paikoro
NGA.27.1_1,2025,Sep-Dec,2.0,249489.0,0.3910275784412985,590.8559289447455,31.24236179408481,0.3124139086301713,0.4601195263498789,434.3869409198569,0,0,Niger,Agaie
NGA.27.20_1,2025,Sep-Dec,2.0,347363.0,0.3486460600663045,596.1541933595397,32.67985902124019,0.3065639826234926,0.3924015802300433,494.50581600276536,0,0,Niger,Rafi
NGA.27.21_1,2025,Sep-Dec,2.0,332927.0,0.3382869611542351,664.895076737513,34.21837118866464,0.3062737487892163,0.4384215756346646,559.7399754720119,0,0,Niger,Rijau
NGA.27.22_1,2025,Sep-Dec,2.0,445051.0,0.3915817434590849,641.9092616060781,30.74456420322829,0.3139082800437857,0.4273591550989928,535.7501440758543,0,0,Niger,Shiroro
NGA.27.23_1,2025,Sep-Dec,2.0,406172.0,0.2966177011786653,765.4380692306073,31.51846275331581,0.607134951954019,0.2966892701178666,591.3680073623364,0,0,Niger,Suleja
NGA.27.24_1,2025,Sep-Dec,2.0,157125.0,0.2909908463817378,786.5897024394166,30.2797821063248,1.7821724535977292,0.2663978351721831,601.7149316144073,0,0,Niger,Tafa
NGA.27.25_1,2025,Sep-Dec,2.0,154429.0,0.3551937137923295,492.5641984076197,32.847748407679696,0.3154073611557089,0.4167290120312872,366.7121358937525,0,0,Niger,Wushishi
NGA.27.2_1,2025,Sep-Dec,2.0,108237.0,0.3210256720881171,637.6930077859645,33.76666007502268,0.3184979028354145,0.4192012399817299,510.466679926387,0,0,Niger,Agwara
NGA.27.3_1,2025,Sep-Dec,2.0,350428.0,0.3535227555082275,570.9931344894445,32.78483705365456,1.66113359049903,0.4118234362718998,426.2162663639296,0,0,Niger,Bida
NGA.27.4_1,2025,Sep-Dec,2.0,326412.0,0.4240907485899883,675.5532367746348,33.233431101837546,0.3193289818887467,0.5390679063621748,521.2003901640109,0,0,Niger,Borgu
NGA.27.5_1,2025,Sep-Dec,2.0,279781.0,0.3211529009483984,524.7719030566011,31.75105884983465,0.5072974548005407,0.3722224822843156,412.9530291763479,0,0,Niger,Bosso
NGA.27.6_1,2025,Sep-Dec,2.0,387380.0,0.2406464727722771,558.5162044363175,31.957960040679275,3.1401094691241256,0.2720178516255879,450.4732523319426,0,0,Niger,Chanchaga
NGA.27.7_1,2025,Sep-Dec,2.0,301829.0,0.4165786642644358,558.0690209514099,31.57802201914277,0.3109128993478268,0.4690299054717293,370.7984942326655,0,0,Niger,Edati
NGA.27.8_1,2025,Sep-Dec,2.0,239571.0,0.3687284826517249,501.0279702533292,32.074951062353826,0.3220074801862999,0.4216934613256197,366.3298551201562,0,0,Niger,Gbako
NGA.27.9_1,2025,Sep-Dec,2.0,173484.0,0.3349070978466653,727.2956944442694,29.784278008488087,0.3322847174483063,0.3520153411993141,567.679652975797,0,0,Niger,Gurara
NGA.28.10_1,2025,Sep-Dec,2.0,659894.1239824683,0.5301681938589692,860.6771164519971,26.15754229691322,0.454323326023792,0.4384267878084544,460.3102568009601,0,0,Ogun,Ijebu North
NGA.28.11_1,2025,Sep-Dec,2.0,369704.90667050006,0.4104861955841016,936.4479064774748,28.14526693402308,1.3927978747209568,0.3235265605656778,504.47094719053,0,0,Ogun,Ijebu-Ode
NGA.28.12_1,2025,Sep-Dec,2.0,280210.3535092673,0.4770684840582876,864.1583716712399,28.46644505980126,2.048277262458004,0.4775911221545659,471.8156736866838,0,0,Ogun,Ikenne
NGA.28.13_1,2025,Sep-Dec,2.0,195135.9524190564,0.5216956982143058,620.7885160074704,27.43578663568708,0.29939163288284,0.4539286931989815,257.4142458496343,0,0,Ogun,Imeko-Afon
NGA.28.14_1,2025,Sep-Dec,2.0,353769.77621328767,0.4772933296349673,706.9033378186299,27.67993489126964,0.4932300611883841,0.4257844371113986,338.64392280858806,0,0,Ogun,Ipokia
NGA.28.15_1,2025,Sep-Dec,2.0,552980.0784923813,0.5072253765225653,788.2877388815357,26.6916071871504,1.226105382141611,0.4687512534734808,413.951940609238,0,0,Ogun,Obafemi-Owode
NGA.28.16_1,2025,Sep-Dec,2.0,257639.1139555393,0.5300436778100325,668.2303326418278,26.662619442209103,0.4229712259591534,0.4975206199433495,305.5063281816093,2,3,Ogun,Odeda
NGA.28.17_1,2025,Sep-Dec,2.0,295595.0233040961,0.5260789789328552,930.87052941424,27.443615181077178,0.9431991991211262,0.4587520181310319,512.5734767212256,0,0,Ogun,Odogbolu
NGA.28.18_1,2025,Sep-Dec,2.0,174599.53539935392,0.4637823824979543,1103.0963669009334,26.154205444712773,0.3197305320976116,0.402394576841395,620.6673743739345,0,0,Ogun,Ogun Waterside
NGA.28.19_1,2025,Sep-Dec,2.0,140560.36537929717,0.5216278734883134,854.3774613100671,26.775844093285016,0.8752210751596441,0.4726461401139047,465.4526739847989,0,0,Ogun,Remo-North
NGA.28.1_1,2025,Sep-Dec,2.0,588792.95509123,0.2924621649321979,614.3487831668837,30.62691134669177,2.5998729239436567,0.2800703786150221,275.89155670663627,0,0,Ogun,Abeokuta South
NGA.28.20_1,2025,Sep-Dec,2.0,601942.8486926205,0.4562097607140156,944.784424725982,28.52138911104232,3.759720837312351,0.4230168893241959,526.8695069899297,0,0,Ogun,Shagamu
NGA.28.2_1,2025,Sep-Dec,2.0,467639.8566549508,0.5357163660696701,615.2902993423188,26.73604609623856,0.498746351160275,0.5331190381864735,259.39283597325993,0,0,Ogun,Abeokuta North
NGA.28.3_1,2025,Sep-Dec,2.0,1240281.9681903769,0.4413105437204869,829.8488134228671,28.29336086055661,2.705861192530325,0.3989694860881217,438.75124077476585,1,1,Ogun,Ado Odo/Ota
NGA.28.4_1,2025,Sep-Dec,2.0,432473.8889542026,0.5097934137915842,611.1889876483967,27.20990361297132,0.3982116163407994,0.4793424789583624,257.695381629624,0,0,Ogun,Yewa North
NGA.28.5_1,2025,Sep-Dec,2.0,395992.9318933152,0.5294830725975588,751.4374408015716,28.23287223272196,0.4868297369328447,0.4736801024876677,376.5604980095369,0,0,Ogun,Yewa South
NGA.28.6_1,2025,Sep-Dec,2.0,129600.55244747656,0.5428074257081658,724.1708404931592,27.247845840789576,1.3402451021317583,0.5427982895343769,364.6867366641886,0,0,Ogun,Ewekoro
NGA.28.7_1,2025,Sep-Dec,2.0,1268341.347595991,0.4450783174899135,874.4050050897939,27.903308039516247,2.3066435087634094,0.4237877516952326,475.32401275122,0,0,Ogun,Ifo
NGA.28.8_1,2025,Sep-Dec,2.0,161844.84432480327,0.4929660206266107,926.7381472974008,26.723209414820715,0.5689536898945581,0.3996579066983218,499.0447238260296,0,0,Ogun,Ijebu North-East
NGA.28.9_1,2025,Sep-Dec,2.0,257166.2823609276,0.5052720492471326,1031.5468795907918,26.08398745447421,0.382003241063189,0.3997177524661775,578.3253653069435,0,0,Ogun,Ijebu East
NGA.32.10_1,2025,Sep-Dec,2.0,234312.77042646203,0.3392050980241799,753.9551768035884,32.200279785650814,0.257463036216768,0.3867807502170265,559.114784309791,0,0,Plateau,Langtang South
NGA.32.11_1,2025,Sep-Dec,3.0,488281.409322642,0.4631951344955172,904.2070857507896,29.93688502476671,0.3212693411227088,0.6181427626762458,670.175787328925,6,40,Plateau,Mangu
NGA.32.12_1,2025,Sep-Dec,2.0,174685.49214736102,0.3485200334234155,771.3378407844242,31.838210012652223,0.2932124528179731,0.4045023625471726,560.3959345681259,0,0,Plateau,Mikang
NGA.32.13_1,2025,Sep-Dec,3.0,311043.882230133,0.4436840087249186,784.9608653645922,29.78589000216761,0.3028916825210288,0.5221836668071502,589.9272453579395,0,0,Plateau,Pankshin
NGA.32.14_1,2025,Sep-Dec,2.0,322542.12117017794,0.3665259013360784,862.3252668128907,31.220793647632764,0.2788323846560592,0.3942083229417323,637.7013713427963,0,0,Plateau,Qua'an Pan
NGA.32.15_1,2025,Sep-Dec,2.0,217395.248451368,0.4103072847186027,1015.3189611271936,27.97160482892096,0.347482768587761,0.4382128438868193,711.0520119997459,7,48,Plateau,Riyom
NGA.32.16_1,2025,Sep-Dec,2.0,335132.23244668706,0.3163975444644206,783.9054514111128,32.45467962787105,0.2723264212908161,0.3663747410475479,570.6372101763316,0,0,Plateau,Shendam
NGA.32.17_1,2025,Sep-Dec,2.0,262477.227391145,0.3755989970795723,654.7565002321836,33.412313282777895,0.2761922284133666,0.4347699205415498,484.6250216251582,0,0,Plateau,Wase
NGA.32.1_1,2025,Sep-Dec,2.0,294500.066560674,0.4214975913245609,993.7218338474464,29.16416004151775,0.3686474467392731,0.5435232668006023,721.8026809513697,2,6,Plateau,Barkin Ladi
NGA.32.2_1,2025,Sep-Dec,2.0,310594.351456688,0.4240433819505969,1022.8239379974534,29.566095898629232,0.376981210571375,0.52492376196432,764.8443549533131,13,78,Plateau,Bassa
NGA.32.3_1,2025,Sep-Dec,3.0,294085.198401085,0.4480191365535658,961.2408073483796,27.69183966061979,0.2956705328073153,0.4996014629624787,696.1999432352819,14,97,Plateau,Bokkos
NGA.32.4_1,2025,Sep-Dec,2.0,147600.992245629,0.5028022509574673,1003.2760880187312,29.17995567861279,0.4210012250706039,0.6209752196867613,774.1465011986957,0,0,Plateau,Jos East
NGA.32.5_1,2025,Sep-Dec,2.0,707723.9184048799,0.3676578823948657,1031.1404877135649,29.61940150273829,2.7566939316346524,0.4614156885859828,763.7316220340736,0,0,Plateau,Jos North
NGA.32.6_1,2025,Sep-Dec,2.0,505734.03539913805,0.3753085243591597,1055.225726937496,28.7327996138665,0.8026480849518683,0.4675699813723238,742.4851606688695,3,4,Plateau,Jos South
NGA.32.7_1,2025,Sep-Dec,3.0,274931.937832279,0.416723981681039,753.8504064676741,33.41309928616135,0.3007613695975235,0.5286692064240784,588.0101743325761,0,0,Plateau,Kanam
NGA.32.8_1,2025,Sep-Dec,3.0,205340.241276261,0.4286217346818663,754.7779664574674,32.28639200695904,0.3106546976593212,0.5494578912923843,583.4410969969698,0,0,Plateau,Kanke
NGA.32.9_1,2025,Sep-Dec,2.0,160583.224341384,0.3853407001779141,688.7330216675904,32.74835334903622,0.2917344595151721,0.4691927703817523,498.1741650202961,0,0,Plateau,Langtang North
NGA.33.10_1,2025,Sep-Dec,2.0,359453.454668,0.5891984057812897,1295.3967174856843,26.43791219434935,1.5854190845304938,0.5272021538231277,828.7458739434289,0,0,Rivers,Emuoha
NGA.33.11_1,2025,Sep-Dec,2.0,440621.639876,0.5158305209568663,1351.5128705117268,27.52235685352064,7.765660719448522,0.4459473616261881,859.7263273075107,0,0,Rivers,Etche
NGA.33.12_1,2025,Sep-Dec,2.0,457431.979664,0.4175875509662043,1600.4784577079845,26.171561195165413,0.9469234899539352,0.3722353260401412,1024.5008867039976,0,0,Rivers,Gokana
NGA.33.13_1,2025,Sep-Dec,2.0,338672.269496,0.5604582238359023,1332.6487116639432,27.402646025017365,3.8243600812535328,0.5008351909307184,860.9154459138799,0,0,Rivers,Ikwerre
NGA.33.14_1,2025,Sep-Dec,2.0,567698.314568,0.4526543322046614,1607.0406901479723,25.12693018935056,0.4767881124463915,0.3978728604867161,1010.6815135610212,0,0,Rivers,Khana
NGA.33.15_1,2025,Sep-Dec,2.0,808178.227868,0.3414369111990171,1274.105997054309,27.96764730121413,10.0123487203869,0.3164389824077103,792.4192990535964,0,0,Rivers,Obio/Akpor
NGA.33.16_1,2025,Sep-Dec,2.0,401205.065624,0.4486582045717993,1290.191460484525,26.21638923379877,9.916570176473986,0.3803589767700652,817.1530848449711,0,0,Rivers,Ogba/Egbema/Ndoni
NGA.33.17_1,2025,Sep-Dec,2.0,142305.732756,0.3224964649162655,1712.5706480816266,25.99920450282806,1.9964678584920563,0.2817574299353191,1122.7549319854752,0,0,Rivers,Ogu/Bolo
NGA.33.18_1,2025,Sep-Dec,2.0,393806.506104,0.3494591858397955,1642.5926175353156,26.575271021013247,24.39136271432604,0.3466380603748328,1076.513965569966,0,0,Rivers,Okrika
NGA.33.19_1,2025,Sep-Dec,2.0,186143.267068,0.5192721890784454,1372.183319713523,26.700404752316302,5.76372144324257,0.4565923976909596,852.9326217861324,0,0,Rivers,Omumma
NGA.33.1_1,2025,Sep-Dec,2.0,626882.5141040001,0.6045260703531921,1352.424470078921,25.66169294279284,0.9718784223065684,0.5498101969334209,877.5759495598028,0,0,Rivers,Abua/Odual
NGA.33.20_1,2025,Sep-Dec,2.0,324111.433932,0.3066727784891548,1986.975221866622,21.58117820185044,0.6005543203530471,0.2479885624825174,1347.5065668573684,0,0,Rivers,Opobo/Nkoro
NGA.33.21_1,2025,Sep-Dec,2.0,274912.08228,0.47932383577596,1401.082980712397,26.56614706586524,15.787175174705933,0.4515964118003484,841.8388565295963,0,0,Rivers,Oyigbo
NGA.33.22_1,2025,Sep-Dec,2.0,938459.163092,0.2949737193188806,1420.955267617636,26.529014777523454,19.32184860718893,0.2725796380103369,917.6483157727416,0,0,Rivers,Port Harcourt
NGA.33.23_1,2025,Sep-Dec,2.0,266565.181388,0.4663162967446865,1472.4509527271784,27.567612439386487,1.2204552570175298,0.4078691103936866,914.6752095277816,0,0,Rivers,Tai
NGA.33.2_1,2025,Sep-Dec,2.0,317919.951536,0.6030850804276261,1232.4107552721505,26.3355661180824,0.92453377814155,0.5385399528774483,782.1032392164124,0,0,Rivers,Ahoada East
NGA.33.3_1,2025,Sep-Dec,2.0,459043.197756,0.5634468557124314,1336.3691825222209,25.96739624911713,5.482981292475102,0.4937924912953005,873.9286140357882,0,0,Rivers,Ahoada West
NGA.33.4_1,2025,Sep-Dec,2.0,128239.91642,0.4397632951676204,1388.1869724576625,25.35979186492504,1.0988184787979474,0.4157804980284334,882.4634831422288,0,0,Rivers,Akuku-Toru
NGA.33.5_1,2025,Sep-Dec,2.0,425668.4240600001,0.3486591285032118,1906.0381012315809,25.334064912935546,3.2921247717809696,0.2993800229803203,1281.7949104699585,0,0,Rivers,Andoni
NGA.33.6_1,2025,Sep-Dec,2.0,408490.294608,0.4252766070137381,1313.7510411618534,25.562350198940763,0.7185400217694492,0.4289450412147504,824.520182175688,0,0,Rivers,Asari-Toru
NGA.33.7_1,2025,Sep-Dec,2.0,299587.13360400003,0.3378838330924275,1930.786250946142,25.903791372018063,6.425731419470925,0.2934599658451506,1277.9491227084804,0,0,Rivers,Bonny
NGA.33.8_1,2025,Sep-Dec,2.0,130975.886624,0.3240281849230537,1559.7196131139658,25.623277249523067,7.189893563127032,0.2966293012975221,1014.1674208217923,0,0,Rivers,Degema
NGA.33.9_1,2025,Sep-Dec,2.0,903388.70798,0.4635421977597527,1424.5254887902902,27.618367513286888,2.938666855242454,0.4531155841241008,877.8680541302847,0,0,Rivers,Eleme
NGA.34.10_1,2025,Sep-Dec,3.0,282132.0,0.4063903509996063,634.5966404403066,33.51116959017129,0.3055951181320013,0.5072628986748909,582.3378986447835,0,0,Sokoto,Kebbe
NGA.34.11_1,2025,Sep-Dec,3.0,183163.0,0.3193777217577763,495.05202663098606,34.102334709436285,0.3884027730054386,0.4211706448256517,478.28764868162136,0,0,Sokoto,Kware
NGA.34.12_1,2025,Sep-Dec,3.0,259730.0,0.371503103422441,504.37448480970926,33.8685727234794,0.3474945490127685,0.4897966853230353,486.14330958209473,0,0,Sokoto,Rabah
NGA.34.13_1,2025,Sep-Dec,3.0,313235.0,0.3332843151412374,425.0009356624537,33.77797085630795,0.3564614346188673,0.4172407280249553,412.709356511836,2,2,Sokoto,Sabon Birni
NGA.34.14_1,2025,Sep-Dec,3.0,306931.0,0.3428122181645519,530.253718011892,33.66155803634246,0.3122385062925709,0.4453485309062735,496.6387031973296,0,0,Sokoto,Shagari
NGA.34.15_1,2025,Sep-Dec,3.0,201125.0,0.3110098496105251,527.1715792384579,34.346135759157185,0.3302553770871554,0.4076596381204487,506.28378255155576,0,0,Sokoto,Silame
NGA.34.16_1,2025,Sep-Dec,3.0,406083.0,0.2900402527972812,517.9182085116466,34.43297218527895,1.955449294664716,0.365756386457632,499.86044110061,0,0,Sokoto,Sokoto North
NGA.34.17_1,2025,Sep-Dec,3.0,354526.0,0.3223825997061293,519.4249107102431,34.53644578837035,2.106978692348944,0.4558148173803526,501.6337990279592,0,0,Sokoto,Sokoto South
NGA.34.18_1,2025,Sep-Dec,3.0,394667.0,0.3121225598781276,524.9382332637772,34.090236358249804,0.3197342479717519,0.3881039148445752,490.8239470598823,0,0,Sokoto,Tambuwal
NGA.34.19_1,2025,Sep-Dec,3.0,180048.0,0.2627182668513346,480.9501660398288,34.25339931827858,0.3415363074251999,0.3360571823551914,466.1573629612245,5,20,Sokoto,Tangaza
NGA.34.1_1,2025,Sep-Dec,3.0,227804.0,0.2731739192428205,519.5411904678618,34.31655591462712,0.3393587075232236,0.3493822523355043,499.8934519157839,0,0,Sokoto,Binji
NGA.34.20_1,2025,Sep-Dec,3.0,134218.0,0.360407512552938,547.3316129637276,33.63026239960181,0.303175993145147,0.4628090276731084,510.2614207926939,0,0,Sokoto,Tureta
NGA.34.21_1,2025,Sep-Dec,3.0,260221.0,0.2937872864223367,528.1559172694294,34.12233744758024,1.06653415286557,0.3858837453263398,509.5126474655184,0,0,Sokoto,Wamako
NGA.34.22_1,2025,Sep-Dec,3.0,297772.0,0.3154872435144309,466.26404542954464,34.24039502502723,0.3442139856103086,0.4140366840129436,450.13433174591086,0,0,Sokoto,Wurno
NGA.34.23_1,2025,Sep-Dec,3.0,197266.0,0.3210583662278533,534.6095899460025,34.21651833553571,0.3433436199145834,0.4312067993977664,509.87176441483,0,0,Sokoto,Yabo
NGA.34.2_1,2025,Sep-Dec,3.0,306843.0,0.3297558510296672,555.1721035476478,33.79192829454062,0.3924813021065073,0.4587576630975808,527.8792867197224,0,0,Sokoto,Bodinga
NGA.34.3_1,2025,Sep-Dec,3.0,330779.0,0.3309092535707579,527.698125505525,33.67264552598462,0.338913439967191,0.4490152264265259,504.3354749077709,0,0,Sokoto,Dange-Shuni
NGA.34.4_1,2025,Sep-Dec,3.0,475026.0,0.2970171449344712,438.136945217278,35.35760696911038,0.35524101793278,0.3915705107797007,424.6716455335077,0,0,Sokoto,Gada
NGA.34.5_1,2025,Sep-Dec,3.0,346146.0,0.3015085002054898,442.3034110908272,33.9680454991857,0.3493245457574342,0.3835412491651883,427.4365551633877,0,0,Sokoto,Goronyo
NGA.34.6_1,2025,Sep-Dec,3.0,243929.0,0.2902686806140814,484.7977896319421,34.63117861758038,0.3445843233538199,0.3794762537486962,469.1881680374561,2,3,Sokoto,Gudu
NGA.34.7_1,2025,Sep-Dec,3.0,422376.0,0.3181373625572978,478.2479393326106,35.33043611907149,0.3382822921417872,0.419126658451195,464.098878177242,0,0,Sokoto,Gwadabawa
NGA.34.8_1,2025,Sep-Dec,3.0,199152.0,0.2921839053727305,414.3040199123823,34.969638481517826,0.3380543465166276,0.3774753312217883,400.6872342631861,0,0,Sokoto,Illela
NGA.34.9_1,2025,Sep-Dec,3.0,285914.0,0.3772346312981876,485.6718341846863,33.96266488345514,0.3385938941816029,0.4963828591100614,469.9979668042951,4,26,Sokoto,Isa
NGA.35.10_1,2025,Sep-Dec,2.0,161383.0,0.396506971743058,563.4685009641452,32.70106117794099,0.3069688583683064,0.4981292978717528,421.6286428767521,0,0,Taraba,Lau
NGA.35.11_1,2025,Sep-Dec,3.0,380385.0,0.6043872083317291,1234.767581201659,24.56664307644615,0.2675368695988119,0.6539275578908156,848.7699385713985,0,0,Taraba,Sardauna
NGA.35.12_1,2025,Sep-Dec,2.0,262002.0,0.4876159070791856,963.1341436345264,30.840214877843493,0.2432858345573114,0.5715483582518334,678.6276433681563,0,0,Taraba,Takum
NGA.35.13_1,2025,Sep-Dec,2.0,149615.0,0.583799979148237,1269.1140310785872,28.067717779897624,0.2253564833509042,0.6252817896108985,900.9458598362446,0,0,Taraba,Ussa
NGA.35.14_1,2025,Sep-Dec,2.0,403984.0,0.4280120169267394,675.2917409121173,30.75269981954594,0.2628354037548138,0.4814577952394201,474.31429499322815,2,10,Taraba,Wukari
NGA.35.15_1,2025,Sep-Dec,2.0,152354.0,0.4500115913418659,764.4505126512356,30.07973581342988,0.3624359644757477,0.5449697343264155,554.3316715396984,0,0,Taraba,Yorro
NGA.35.16_1,2025,Sep-Dec,2.0,216474.0,0.4128479262526394,784.2906650548862,32.6451291949785,0.336291923968377,0.5297031102599877,576.5296815989142,0,0,Taraba,Zing
NGA.35.1_1,2025,Sep-Dec,2.0,152217.0,0.3785178859705776,712.9484996789612,31.817799719890928,0.3143619748369791,0.4508421509617156,524.872665155631,0,0,Taraba,Ardo-Kola
NGA.35.2_1,2025,Sep-Dec,3.0,357764.0,0.4839170372435375,895.7249275581396,30.33299951179957,0.2914630823858072,0.5597716793325055,644.173538029934,0,0,Taraba,Bali
NGA.35.3_1,2025,Sep-Dec,2.0,225661.0,0.4977738268407013,919.964482584773,30.575447596887063,0.2691577220415905,0.5726683920957233,663.6526013453217,0,0,Taraba,Donga
NGA.35.4_1,2025,Sep-Dec,3.0,225661.0,0.6229391395775596,1100.1862560975512,26.76978204500796,0.2894424961480596,0.6654222313923187,760.0681997978824,0,0,Taraba,Gashaka
NGA.35.5_1,2025,Sep-Dec,3.0,450172.0,0.3648065753206851,720.8466649183724,31.717524510390856,0.2777042235147355,0.4257279185797309,547.2107131714936,1,4,Taraba,Gassol
NGA.35.6_1,2025,Sep-Dec,2.0,142933.0,0.3689074176903313,672.2444183547852,31.109007178723004,0.2513933592233225,0.4022782041991943,478.395683920406,0,0,Taraba,Ibi
NGA.35.7_1,2025,Sep-Dec,2.0,237890.0,0.362778381281556,678.2135193502994,31.712634305861,0.9967978822297552,0.4321322920267019,495.1163918558502,0,0,Taraba,Jalingo
NGA.35.8_1,2025,Sep-Dec,2.0,328775.0,0.3544259860525068,583.0766908492731,31.932274878074235,0.2899755101484494,0.3906590383187647,440.3567741068781,4,49,Taraba,Karim Lamido
NGA.35.9_1,2025,Sep-Dec,3.0,147778.0,0.6463919864676869,1304.4473965491077,26.58107081352728,0.2695637965648892,0.6680510708933843,924.1742652406998,0,0,Taraba,Kurmi
NGA.36.10_1,2025,Sep-Dec,3.0,204102.764890875,0.2845138491268957,398.3166936333976,36.112516604595896,0.3473981281612751,0.3571924274601197,392.56861128923015,0,0,Yobe,Karasuwa
NGA.36.11_1,2025,Sep-Dec,3.0,129719.991375,0.2857849605962747,470.0220521404768,36.73231133363543,0.3204733588055123,0.366231593926439,464.45529664713615,0,0,Yobe,Machina
NGA.36.12_1,2025,Sep-Dec,3.0,289509.52023787494,0.3067117202146266,668.6179628692371,35.08015876382635,0.3561637736759688,0.3884977237797984,645.6719907693943,1,1,Yobe,Nangere
NGA.36.13_1,2025,Sep-Dec,2.0,360537.313464,0.2930341022505023,449.3739846996569,36.03159223919344,0.3634537016237992,0.3656939528326724,443.1445586888141,0,0,Yobe,Nguru
NGA.36.14_1,2025,Sep-Dec,2.0,758663.489044125,0.3063091990900243,707.6523813659317,34.41803176843359,0.4162214765556097,0.4039694656602973,682.3217014450221,0,0,Yobe,Potiskum
NGA.36.15_1,2025,Sep-Dec,3.0,147277.6476435,0.318608378467999,603.2750050958214,35.32603547090835,0.3069048596797107,0.4091690935267229,590.6985431277274,0,0,Yobe,Tarmuwa
NGA.36.16_1,2025,Sep-Dec,3.0,240021.89788725,0.2706729891302393,367.6698911816285,36.26932556165222,0.3199387479468226,0.3469405653055155,364.3878793195343,1,2,Yobe,Yunusari
NGA.36.17_1,2025,Sep-Dec,3.0,211912.573602375,0.2518443701029418,415.1329157467416,36.32925009311834,0.3202088013275599,0.3191283456930145,411.0209181352172,0,0,Yobe,Yusufari
NGA.36.1_1,2025,Sep-Dec,2.0,461814.25647375,0.3423557457926072,403.9401878525581,34.97185717379757,0.3165056264770375,0.4221717024495665,398.5629769924032,0,0,Yobe,Bade
NGA.36.2_1,2025,Sep-Dec,3.0,208169.542056375,0.2728951573138639,435.56840330151726,35.77896295550651,0.3213574029241375,0.3438040626180652,430.5816277755963,0,0,Yobe,Borsari
NGA.36.3_1,2025,Sep-Dec,2.0,167898.691400625,0.2993768099082927,657.9499167221817,34.41522094574885,0.4193942830984299,0.3776530906345701,635.1279170331732,1,2,Yobe,Damaturu
NGA.36.4_1,2025,Sep-Dec,3.0,358848.736140375,0.3313862741704886,659.3374909852843,34.4782075172679,0.3284928080992346,0.4434808394988351,618.3014546087786,1,2,Yobe,Fika
NGA.36.5_1,2025,Sep-Dec,3.0,573741.54339075,0.3194040289970902,666.8013101402281,34.619517564720375,0.3158881530717314,0.4067715417126229,646.4910572018105,0,0,Yobe,Fune
NGA.36.6_1,2025,Sep-Dec,3.0,339564.8061405,0.322612986225778,491.9857401158692,35.9364310654418,0.3165199094735345,0.4318036185096821,486.6530297731866,0,0,Yobe,Geidam
NGA.36.7_1,2025,Sep-Dec,3.0,332100.917406,0.3432687596863276,706.1400742350205,34.45834501172424,0.308097899861148,0.4566619450814534,666.4973608452947,16,45,Yobe,Gujba
NGA.36.8_1,2025,Sep-Dec,3.0,197459.32738387497,0.3139036250581969,666.3087651503774,35.18195419298937,0.3098810603985474,0.4237945241441807,604.4623117437353,0,0,Yobe,Gulani
NGA.36.9_1,2025,Sep-Dec,3.0,437008.911456375,0.2981542851732677,480.14354358368894,35.36642638409205,0.3153777027189421,0.363682091452272,471.5154606539454,0,0,Yobe,Jakusko
NGA.37.10_1,2025,Sep-Dec,3.0,535839.0,0.4209870882942464,693.2385746437086,31.8230959443479,0.3401422390981272,0.5146529226596006,623.3548364010064,0,0,Zamfara,Maru
NGA.37.11_1,2025,Sep-Dec,3.0,246581.0,0.3327603520473071,536.0914979163863,33.92848284578474,0.344748146924109,0.4355171655263962,515.9084452092773,0,0,Zamfara,Shinkafi
NGA.37.12_1,2025,Sep-Dec,3.0,395850.0,0.318492244881924,654.8119202904328,34.21262799543552,0.3265256466923833,0.4260898404265338,612.4796935803664,0,0,Zamfara,Talata-Mafara
NGA.37.13_1,2025,Sep-Dec,3.0,487828.0,0.3651982815636851,717.069695860229,32.327028126554985,0.3605672100971826,0.5021271147173274,661.598005162868,1,1,Zamfara,Tsafe
NGA.37.14_1,2025,Sep-Dec,3.0,529436.0,0.3677255265908319,598.9264608922807,33.90683161170677,0.332808107912482,0.4991820109552282,574.9938330546809,2,8,Zamfara,Zurmi
NGA.37.1_1,2025,Sep-Dec,3.0,228340.0,0.4177537867063918,653.7076420148651,33.40527970801704,0.33380723186734,0.5385813157403753,602.7645882251658,0,0,Zamfara,Anka
NGA.37.2_1,2025,Sep-Dec,3.0,344541.0,0.3573081838745378,587.895206849643,33.82138209803362,0.3234013588575277,0.4678933172239052,551.6389539780995,0,0,Zamfara,Bakura
NGA.37.3_1,2025,Sep-Dec,3.0,329427.0,0.3750288556534895,671.6072320680399,33.34831349931198,0.3282708728563747,0.5068976542747822,636.3439342718957,0,0,Zamfara,Birnin-Magaji/Kiyaw
NGA.37.4_1,2025,Sep-Dec,3.0,387965.0,0.3740135773769247,617.9688250636087,34.14060383332188,0.3251162321131471,0.4908255336490832,565.9401950404186,0,0,Zamfara,Bukkuyum
NGA.37.5_1,2025,Sep-Dec,3.0,472054.0,0.3485374810103421,714.669754435141,33.008189846664635,0.3558992411542909,0.4678620960155475,664.5305632548045,1,1,Zamfara,Bungudu
NGA.37.6_1,2025,Sep-Dec,3.0,379465.0,0.3777831191925331,586.4530758894252,33.54184076712858,0.3003471192916582,0.4791353487412426,537.1848711832367,0,0,Zamfara,Gummi
NGA.37.7_1,2025,Sep-Dec,3.0,699330.0,0.3951334439753948,719.3460498427103,32.17796439062217,0.4231863811290345,0.5100986626878039,661.1812562230919,0,0,Zamfara,Gusau
NGA.37.8_1,2025,Sep-Dec,3.0,522941.0,0.3298561846468458,634.2574667867084,33.35971574201739,0.3407730917823948,0.4478959910141473,596.135318545746,4,41,Zamfara,Kaura Namoda
NGA.37.9_1,2025,Sep-Dec,3.0,385454.0,0.3925282824778441,576.3609280926281,33.4974069883784,0.330849524212538,0.5199496703453779,546.592611641873,0,0,Zamfara,Maradun
NGA.5.10_1,2025,Sep-Dec,2.0,434120.557700456,0.3044753959924415,594.0614073780963,34.98164441352201,0.3285092707649532,0.3729037213902004,574.3926074711433,0,0,Bauchi,Itas/Gadau
NGA.5.11_1,2025,Sep-Dec,2.0,222505.45507608,0.3086375174568816,624.4479302178947,34.62498286711109,0.3689963042958963,0.3771456429951354,599.8071341568176,0,0,Bauchi,Jama'are
NGA.5.12_1,2025,Sep-Dec,2.0,558647.111437624,0.3226370296500449,619.285417363219,34.48818596950792,0.4094914396937181,0.4137351918147695,587.8870205359634,0,0,Bauchi,Katagum
NGA.5.13_1,2025,Sep-Dec,2.0,278630.95539285603,0.3186189028021238,669.5998883873156,34.96656972785101,0.3141222202920697,0.4026587058659148,534.5998256051109,0,0,Bauchi,Kirfi
NGA.5.14_1,2025,Sep-Dec,2.0,497335.676357784,0.3035227214397643,594.8814209858548,34.65088090717541,0.3414731855978065,0.3982058328052135,552.101315755702,0,0,Bauchi,Misau
NGA.5.15_1,2025,Sep-Dec,2.0,730829.8740356239,0.3961497541767591,840.942633573585,33.503725408258354,0.3063222293437593,0.5413511598022919,754.5306810757286,0,0,Bauchi,Ningi
NGA.5.16_1,2025,Sep-Dec,2.0,441704.33780589607,0.3203576165162097,653.6341566721145,34.50627128376693,0.3226830113982875,0.4243022437656756,618.5895342956368,0,0,Bauchi,Shira
NGA.5.17_1,2025,Sep-Dec,2.0,415230.754397008,0.4150388637970977,934.5852942765914,33.29313207032341,0.3153598500073944,0.5496239033232769,730.507930334165,0,0,Bauchi,Tafawa-Balewa
NGA.5.18_1,2025,Sep-Dec,2.0,661392.960271384,0.4406384731629526,961.8701829587736,33.015537762596686,0.3333665598964817,0.5942349144008384,777.3380957669901,0,0,Bauchi,Toro
NGA.5.19_1,2025,Sep-Dec,2.0,216535.71563448,0.3177144024517654,741.0326670753404,34.96568788643097,0.2959170246365643,0.4294878486554287,685.5280574415383,0,0,Bauchi,Warji
NGA.5.1_1,2025,Sep-Dec,2.0,621792.5831348001,0.3948884247550207,685.0231630259249,33.63207968863458,0.3048664332302995,0.5055749217046646,532.6917759300734,0,0,Bauchi,Alkaleri
NGA.5.20_1,2025,Sep-Dec,2.0,361378.17709725606,0.2906799195849397,494.03597522524495,35.15346876434588,0.3227065833256046,0.3634128913237668,482.2324057352072,0,0,Bauchi,Zaki
NGA.5.2_1,2025,Sep-Dec,2.0,932073.107133872,0.3613209243868955,811.7339235256543,35.62379098010556,0.4927675751648044,0.4919806241160205,649.0294850936618,0,0,Bauchi,Bauchi
NGA.5.3_1,2025,Sep-Dec,2.0,158956.473212944,0.3851423099432411,856.5026429645476,33.75116425348863,0.3079459765750856,0.5101090085589723,674.1694443551999,1,1,Bauchi,Bogoro
NGA.5.4_1,2025,Sep-Dec,2.0,284867.12209472,0.2948484713230765,641.0422502519417,34.53333144179711,0.3176649726417062,0.3719762497477217,605.6197414410948,0,0,Bauchi,Damban
NGA.5.5_1,2025,Sep-Dec,2.0,474892.77257928,0.3224431332344307,628.1877146830776,34.46706547816946,0.3258969061079186,0.4206321000968532,562.1047768324947,0,0,Bauchi,Darazo
NGA.5.6_1,2025,Sep-Dec,2.0,169768.334646064,0.4240872052915141,1019.7371413605832,33.715024768548886,0.3341581560779594,0.5731452029255872,788.2413953044052,0,0,Bauchi,Dass
NGA.5.7_1,2025,Sep-Dec,2.0,540561.011944184,0.2960198373425116,535.9979465400451,35.2400620912093,0.3158158049452502,0.3624563824495157,517.2689013224712,0,0,Bauchi,Gamawa
NGA.5.8_1,2025,Sep-Dec,2.0,529387.649622656,0.3713786194233743,754.6523697069524,35.354253814410214,0.3047448779199646,0.5115616568402104,635.6385926560853,0,0,Bauchi,Ganjuwa
NGA.5.9_1,2025,Sep-Dec,2.0,296281.48500852,0.3100067149348621,617.9851168744202,34.77967273701491,0.3178879645509944,0.410291045128325,579.0428904404912,0,0,Bauchi,Giade
NGA.7.10_1,2025,Sep-Dec,3.0,412149.0,0.4151684727691445,720.2202487233161,28.52216348629359,0.226836426365483,0.4058232550800829,453.7909670262496,0,0,Benue,Konshisha
NGA.7.11_1,2025,Sep-Dec,3.0,452456.0,0.5663762598106751,1105.6610770331513,28.16003171844532,0.201364251889337,0.5902231761940274,735.8010794088863,4,9,Benue,Kwande
NGA.7.12_1,2025,Sep-Dec,3.0,308568.0,0.4156152299293603,660.4139503178861,30.53722682430346,0.22762231244546,0.4792059892825772,457.7613309060027,6,45,Benue,Logo
NGA.7.13_1,2025,Sep-Dec,3.0,546598.0,0.4156428394735636,799.210984775393,29.902417232940508,0.6785968829164112,0.4512606659627444,577.0757277100375,4,32,Benue,Makurdi
NGA.7.14_1,2025,Sep-Dec,2.0,179618.0,0.4690854374818496,770.6275461654889,27.484523148125188,0.2741439705773827,0.4442694408400839,498.447969576264,0,0,Benue,Obi
NGA.7.15_1,2025,Sep-Dec,2.0,238360.0,0.5343320192713196,836.9359960561435,27.19084415091609,0.2955980953640462,0.4737571464790994,535.8299646394172,0,0,Benue,Ogbadibo
NGA.7.16_1,2025,Sep-Dec,2.0,128631.0,0.5191180034204839,705.4897945343964,28.55358696784557,0.3069434079394076,0.5102856363226722,465.5721876470941,0,0,Benue,Ohimini
NGA.7.17_1,2025,Sep-Dec,2.0,306605.0,0.4623370970676559,827.5864130664891,27.288627231027515,0.24980038282007,0.4361181338397222,521.5926745682273,0,0,Benue,Oju
NGA.7.18_1,2025,Sep-Dec,2.0,319533.0,0.519501990524112,807.5040185600035,28.01243624793489,0.277683917536746,0.4862682919186094,526.8644132639594,0,0,Benue,Okpokwu
NGA.7.19_1,2025,Sep-Dec,2.0,484791.0,0.4876583801355527,741.0658487913964,28.986044995461054,0.3437670237214545,0.4974313745057485,506.0348294417456,2,15,Benue,Otukpo
NGA.7.1_1,2025,Sep-Dec,2.0,335534.0,0.4906235495168767,889.1277530893002,27.49817296538322,0.271357749819618,0.4706028665060587,570.5961871566348,1,6,Benue,Ado
NGA.7.20_1,2025,Sep-Dec,3.0,144266.0,0.4047790116286898,678.3520205381496,29.273244727712136,0.2950446719400383,0.4316348552642209,463.5146593060595,0,0,Benue,Tarka
NGA.7.21_1,2025,Sep-Dec,3.0,394846.0,0.4120148005924358,699.8142777890802,30.841704822506813,0.2563117394525749,0.4643108982232051,492.3805618666305,3,53,Benue,Ukum
NGA.7.22_1,2025,Sep-Dec,3.0,349266.0,0.3995332298347496,740.4029560633827,28.809476700913667,0.2137852760281378,0.401868333874436,480.3497969936877,0,0,Benue,Ushongo
NGA.7.23_1,2025,Sep-Dec,3.0,426843.0,0.405549627989386,819.9540077787693,27.640656654811394,0.2199135062696649,0.4077695395513578,498.56712486350114,0,0,Benue,Vande Ikya
NGA.7.2_1,2025,Sep-Dec,2.0,210353.0,0.4834241236484488,842.1091850082817,29.8391502705376,0.2655171831447069,0.5400511988073909,626.6123911471791,7,28,Benue,Agatu
NGA.7.3_1,2025,Sep-Dec,2.0,176112.0,0.5161144145386373,824.2474699884729,29.203882799127896,0.2767400471949723,0.5463782188974781,602.392430799767,2,29,Benue,Apa
NGA.7.4_1,2025,Sep-Dec,3.0,375251.0,0.3998908216798147,656.0426130608743,29.68941164360451,0.2332625632082561,0.4295319458102235,437.1842990965096,1,5,Benue,Bukuru
NGA.7.5_1,2025,Sep-Dec,3.0,657506.0,0.3886286452298377,661.8219223220915,29.70341931842268,0.3394829383886154,0.3940911284493116,437.23481293127486,0,0,Benue,Gboko
NGA.7.6_1,2025,Sep-Dec,3.0,353322.0,0.3782471810759593,779.8277591374685,30.829880338394897,0.2576440249287768,0.4122571060925623,548.8104902890115,18,161,Benue,Guma
NGA.7.7_1,2025,Sep-Dec,3.0,306912.0,0.455546284023314,710.1765659449919,29.185689862332023,0.2562209759845501,0.4802428940083517,486.4450685602011,2,7,Benue,Gwer East
NGA.7.8_1,2025,Sep-Dec,3.0,222574.0,0.4721349593280722,824.8497360169804,30.025448975494204,0.2430019171708038,0.5232436748301181,609.310686509958,8,70,Benue,Gwer West
NGA.7.9_1,2025,Sep-Dec,3.0,410292.0,0.4485421565520233,756.5171101792814,30.141434851364806,0.236713168651291,0.5042755936501637,513.6978637210775,2,12,Benue,Katsina-Ala
NGA.8.10_1,2024,Jan-May,4.0,94112.0,0.2881589226284372,355.0178124406091,38.93362772935217,0.3257637429332832,0.2159817852317425,8.924055311738385,2,29,Borno,Guzamala
NGA.8.11_1,2025,Sep-Dec,4.0,163325.0,0.4394641021707112,761.1261316491411,35.49689121372214,0.3214360063221379,0.5908984025714431,724.8531465033686,27,153,Borno,Gwoza
NGA.8.12_1,2025,Sep-Dec,3.0,306567.5429294563,0.3658716420929275,733.0694671419994,34.47820603099432,0.3320635496345724,0.4883425122297863,600.7776036003047,0,0,Borno,Hawul
NGA.8.13_1,2025,Sep-Dec,3.0,885677.102219345,0.3312210001607622,612.8938738200679,35.187511972566746,0.456119693409621,0.4258132193382437,593.0569920301175,3,6,Borno,Jere
NGA.8.14_1,2025,Sep-Dec,4.0,152291.53186178868,0.3714270472592689,724.0525994030533,34.58847357867164,0.3007034464126681,0.4885216205388349,693.107485870423,2,2,Borno,Kaga
NGA.8.15_1,2025,Sep-Dec,4.0,40949.0,0.4000180918207371,537.9351177000826,35.514464578981,0.3066638240530172,0.5722802491641507,525.7528888683798,6,52,Borno,Kala/Balge
NGA.8.16_1,2025,Sep-Dec,3.0,93856.0,0.4372807259668577,714.3575369456044,35.449776828260376,0.3998101044606737,0.5897267547399562,683.7198763888127,14,45,Borno,Konduga
NGA.8.17_1,2024,Jan-May,4.0,125556.0,0.2904615623940115,298.0858707773695,38.55643200634143,0.3395058895126126,0.2214527727897964,8.899927108378536,9,140,Borno,Kukawa
NGA.8.18_1,2025,Sep-Dec,3.0,164667.3303943511,0.3029419167421036,787.0712698720897,34.00404230810589,0.334691101339617,0.3775592295496288,651.7294108926831,0,0,Borno,Kwaya Kusar
NGA.8.1_1,2024,Jan-May,3.0,48087.0,0.2566959455150055,267.35750113038023,37.89704830301637,0.2982643632720675,0.2183696456937021,7.32344436038785,6,9,Borno,Abadam
NGA.8.20_1,2025,Sep-Dec,4.0,42039.0,0.419235486956276,595.8249474921155,36.17733888268953,0.3049109689170338,0.5808125294579566,579.9911884032906,5,20,Borno,Mafa
NGA.8.21_1,2025,Sep-Dec,4.0,333139.09852387995,0.3160424950037481,617.5369864706748,36.20228198390176,0.3042132330192308,0.4028222792347178,602.398863603282,5,20,Borno,Magumeri
NGA.8.22_1,2025,Sep-Dec,3.0,1097532.905038185,0.2819052588596796,609.9115963366824,34.45857359747967,2.2324355864415444,0.3338982067387847,588.0140012320827,0,0,Borno,Maiduguri
NGA.8.23_1,2024,Jan-May,3.0,27568.0,0.3803623353537346,422.46325231166657,37.15802187242127,0.3890241994621676,0.2582097788168305,24.10557833558125,16,257,Borno,Marte
NGA.8.24_1,2025,Sep-Dec,4.0,89292.0,0.3349441949043476,384.6705336320174,36.78842080891946,0.3095614597809027,0.4574266525865129,380.9716120982404,4,45,Borno,Mobbar
NGA.8.25_1,2025,Sep-Dec,4.0,162108.0,0.360251400928838,457.6252748313506,37.06876116680334,0.3018784442217879,0.4897993257768551,450.1206679633752,8,64,Borno,Monguno
NGA.8.26_1,2025,Sep-Dec,3.0,158597.321240841,0.3835538976772937,524.253295430465,35.451558570873885,0.3039215526379077,0.5464417101490623,510.7323330729097,8,40,Borno,Ngala
NGA.8.27_1,2025,Sep-Dec,3.0,249873.6945692112,0.3280263679944884,470.7406039037759,37.07440635560386,0.3073235679526021,0.4455689436280157,461.7230702686612,1,2,Borno,Nganzai
NGA.8.28_1,2025,Sep-Dec,3.0,279335.16152994643,0.3396994992226871,669.8593504909063,34.7139193106822,0.3065779260783321,0.4430964068832426,536.3904077172779,0,0,Borno,Shani
NGA.8.2_1,2025,Sep-Dec,3.0,334022.97743896965,0.3372362519718068,699.0684998481324,34.855695634731724,0.2945593901555597,0.4453975226991116,606.600097438545,2,5,Borno,Askira/Uba
NGA.8.3_1,2025,Sep-Dec,3.0,171239.0,0.4568110378315853,710.1114137192736,36.30463884527156,0.370607681418252,0.6407435705794251,687.7693966082306,12,49,Borno,Bama
NGA.8.4_1,2025,Sep-Dec,3.0,203715.89500226887,0.3116096112342859,705.2663775889014,34.73782038274944,0.333283327858095,0.4013156578149144,572.8936839528369,0,0,Borno,Bayo
NGA.8.5_1,2025,Sep-Dec,3.0,396126.175063365,0.3302657522234134,758.7909776671642,34.62365307050177,0.3163324660013165,0.4406483661723865,673.5009166404329,5,33,Borno,Biu
NGA.8.6_1,2025,Sep-Dec,3.0,159909.25955182585,0.3620731417874983,703.895003638651,35.06982958691802,0.3023507985325106,0.4824580997950041,621.3934357236664,3,20,Borno,Chibok
NGA.8.7_1,2025,Sep-Dec,4.0,110182.0,0.4426121445008559,776.2023203220327,34.57644975377942,0.3034195634304463,0.5958721349437773,721.9296821426829,18,131,Borno,Damboa
NGA.8.8_1,2025,Sep-Dec,4.0,107707.0,0.421908511523562,601.2823386460145,36.18345529207159,0.3226351972815582,0.6011352104961172,583.5010998153593,4,29,Borno,Dikwa
NGA.8.9_1,2025,Sep-Dec,3.0,219187.77610434816,0.3198781972509217,491.0619031737633,37.16980597802958,0.3197210004455948,0.4309221801123606,484.9492010782184,0,0,Borno,Gubio
NGA.9.10_1,2025,Sep-Dec,2.0,148101.51308862664,0.4780817617919388,1726.9418155468848,24.3769707909091,0.237087221112946,0.3215102472549205,1184.2997711132698,0,0,Cross River,Etung
NGA.9.11_1,2025,Sep-Dec,2.0,302898.8170821163,0.4716071289632868,1458.3786891641407,25.144239655161005,0.259124934499187,0.3547807490853519,960.4691587183833,0,0,Cross River,Ikom
NGA.9.12_1,2025,Sep-Dec,2.0,202867.93940863007,0.5187351066285922,1193.1384352227924,25.471186228925045,0.2046517356612467,0.457746281399572,743.5542577093217,0,0,Cross River,Obanliku
NGA.9.13_1,2025,Sep-Dec,2.0,319278.74084973824,0.4514162285990209,1360.9064989263352,26.368789007934623,0.2079471692698076,0.3312975679221163,851.6436911571789,0,0,Cross River,Obubra
NGA.9.14_1,2025,Sep-Dec,2.0,298763.9518949561,0.4971145874989797,1029.5865372946732,26.01573780442512,0.2097068491618431,0.4166901034440545,620.613735812813,0,0,Cross River,Obudu
NGA.9.15_1,2025,Sep-Dec,2.0,356917.5626254032,0.4498707114042404,1616.8064409047172,25.254128087308345,0.2891417419320121,0.3370848974419636,972.3098429003624,0,0,Cross River,Odukpani
NGA.9.16_1,2025,Sep-Dec,2.0,317484.54510051553,0.4429653937262172,1079.8040617094405,27.087922895533847,0.2265260082644719,0.3623619100672046,685.448121019418,0,0,Cross River,Ogoja
NGA.9.17_1,2025,Sep-Dec,2.0,363185.9372900732,0.4846805311852668,1360.7183481414622,26.14011270536676,0.2278389766731394,0.3773804079315623,849.5075381518395,0,0,Cross River,Yakurr
NGA.9.18_1,2025,Sep-Dec,2.0,391471.6059098697,0.4147369480234546,953.2611771410492,27.88412104921875,0.2048568341238235,0.3427781321566445,593.1624837410534,0,0,Cross River,Yala
NGA.9.1_1,2025,Sep-Dec,2.0,267048.23818324803,0.4449987204251347,1169.1439519001365,27.30167624459104,0.2655327329914753,0.3730528713351653,693.2135226009573,0,0,Cross River,Abi
NGA.9.2_1,2025,Sep-Dec,2.0,277018.108922459,0.4214020048148774,1719.5523327775986,24.543401863244146,0.2384126192756691,0.2654191417029952,1095.2397877003282,0,0,Cross River,Akamkpa
NGA.9.3_1,2025,Sep-Dec,2.0,503801.1180156524,0.4311676022996329,1947.143337089588,24.644309948789992,0.4301831965522598,0.3089358911793249,1284.2734891861069,0,0,Cross River,Akpabuyo
NGA.9.4_1,2025,Sep-Dec,2.0,58548.88145953932,0.3485575488954759,2140.32882779676,24.78760451827732,0.2432783433628905,0.2123694974925138,1468.3868456493717,0,0,Cross River,Bakassi
NGA.9.5_1,2025,Sep-Dec,2.0,195214.9266176522,0.4396512522217836,938.1004938611046,27.80514308105027,0.2321159963359324,0.3803164743178304,561.6095245549081,0,0,Cross River,Bekwarra
NGA.9.6_1,2025,Sep-Dec,2.0,311080.4449445307,0.4616646053034545,1479.5823078114945,25.32280580786612,0.22245234870896,0.3567464655495094,928.4102015625078,0,0,Cross River,Biase
NGA.9.7_1,2025,Sep-Dec,2.0,345309.46139453293,0.4570051265311177,1440.806244655389,24.55876229785078,0.2134958472265411,0.3137797342466992,972.186425479312,0,0,Cross River,Boki
NGA.9.8_1,2025,Sep-Dec,2.0,339888.77576333773,0.3344394043469657,1709.2818978803482,25.991485727706475,1.7034191553129816,0.273870463217097,1069.8142708500052,0,0,Cross River,Calabar
NGA.9.9_1,2025,Sep-Dec,2.0,354384.0201208604,0.2616503945358849,1868.981742589889,25.27215592684165,0.2080766978944475,0.2104118937807817,1204.8766322028512,0,0,Cross River,Calabar South
